id,title,lead_paragraph,source,category,y_true,y_pred,y_score,confidence_in_prediction,error_type,suggested_priority,taxonomy_label,annotator_note,is_case_study_candidate
article_0346,Nước thải của Khu du lịch Thiên Cầm 'tra tấn' người dân,"Suốt nhiều tháng qua, người dân ở tổ dân phố Trần Phú (TT.Thiên Cầm, H.Cẩm Xuyên, Hà Tĩnh) bị 'tra tấn' bởi mùi hôi từ nước thải của Khu du lịch Thiên Cầm, gây ảnh hưởng đến cuộc sống.",Thanh Niên,Other,1,0,0.2493001553323934,0.7506998446676065,FN,1,FN_neutral_surface_form,"Tiêu đề có sắc thái gây chú ý qua từ 'tra tấn' nhưng vẫn giống tin phản ánh địa phương, nên model coi như non-clickbait.",0
article_1074,Mở lối ký ức bằng tư duy hôm nay - Báo Văn hóa,"Giữa những nếp nhà xưa cũ và khung cảnh bình dị của làng Lai Xá, nơi từng vang bóng với nghề ảnh truyền thống, có một bảo tàng nhỏ lặng lẽ kể câu chuyện làng nghề qua từng khung hình, từng hiện vật - như một lời nhắc nhở về giá trị của văn hóa và di sản. Thế nhưng, sau những năm tháng bị lãng quên, Bảo tàng Nhiếp ảnh Lai Xá đang đứng trước ngã rẽ: Tiếp tục im lìm hay được hồi sinh bởi bàn tay và trái tim của những người trẻ yêu văn hóa?",Báo Mới,Văn hóa & Nghệ thuật,1,0,0.2535976836040733,0.7464023163959267,FN,2,FN_domain_specific_clickbait,"Tiêu đề văn hóa có lối viết ẩn dụ và giàu chất chuyên đề, cue clickbait không giống các mẫu tin giật gân thông thường.",0
article_2245,"Đánh mẹ, tấn công lực lượng an ninh cơ sở khi được can ngăn","Cà MauBùi Minh Lợi, 30 tuổi, dùng dao đâm trọng thương tổ phó bảo vệ an ninh cơ sở thị trấn Nam Căn khi lực lượng này đến can ngăn anh ta đánh mẹ.",VnExpress,Other,1,0,0.2588374832959768,0.7411625167040232,FN,3,AMB_borderline_label,Tiêu đề nêu khá đầy đủ sự kiện phạm pháp nên ranh giới clickbait/non-clickbait không thật rõ.,0
article_3617,Liên danh Đèo Cả - Văn Phú đề xuất Hà Nội cho kiến tạo 'kỳ tích sông Hồng' - Báo Điện tử Tiếng nói Việt Nam,"Liên danh Đèo Cả - Văn Phú vừa được UBND TP. Hà Nội chấp thuận nghiên cứu đề xuất dự án 'Xây dựng Đại lộ và cảnh quan ven sông Hồng' theo phương thức đối tác đầu tư công – tư (PPP), hợp đồng xây dựng – chuyển giao (BT).",Báo Mới,Other,1,0,0.2620774783033665,0.7379225216966335,FN,4,FN_subtle_curiosity_gap,Cụm 'kỳ tích sông Hồng' tạo kỳ vọng/curiosity nhưng nằm trong bối cảnh dự án chính sách nên model bỏ sót.,0
article_1190,Khi Gen Z dùng công nghệ lập trình nhịp sống số,"Gen Z không chỉ tiếp cận công nghệ mà còn thiết lập cách sống số của họ. Từ AI đến no-code, thế hệ này đang tạo ra những hệ sinh thái cá nhân tự động hóa.",Tuổi Trẻ,Công nghệ & Khoa học,1,0,0.265132252464473,0.734867747535527,FN,5,FN_neutral_surface_form,"Tiêu đề giống một bài phân tích xu hướng công nghệ, bề mặt trung tính nên model không nhận ra nhãn clickbait.",0
article_0403,Kinh hoàng phát hiện bộ xương người trong bồn nước tại nhà dân,"Trong lúc sửa nhà, người thợ phát hiện bộ xương người trong bồn nước inox không sử dụng trên mái nhà một hộ dân ở TP Biên Hòa, Đồng Nai.",VietNamNet,Tin tức tổng hợp,1,0,0.2769949559636879,0.723005044036312,FN,6,FN_domain_specific_clickbait,Có từ gây sốc như 'Kinh hoàng' nhưng thuộc domain tai nạn/tội phạm vốn hay giống tin nóng chính thống.,0
article_3340,"Du khách quốc tế kể chuyện 'vượt nắng, ngâm đá' ở giải chạy Quy Nhơn","Du khách từ châu Âu, Mỹ... kể lại trải nghiệm chạy bộ dưới thời tiết nhiệt đới khi tham gia giải VnExpress Marathon Quy Nhơn 2025 hôm 15/6.",VnExpress,Other,1,0,0.2796403318018829,0.720359668198117,FN,7,FN_domain_specific_clickbait,"Cụm trích dẫn 'vượt nắng, ngâm đá' tạo màu sắc câu chuyện trải nghiệm nhưng nằm trong domain thể thao/sự kiện.",0
article_1022,Từ bờ vực phá sản đến đế chế streaming lớn nhất Nhật Bản cạnh tranh Netflix,"Yasuhide Uno – người từng đối mặt với món nợ khổng lồ và thất bại cay đắng – đã vực dậy công ty gia đình để biến U-Next thành đối thủ lớn nhất của Netflix tại Nhật Bản. Giờ đây, ông đặt mục tiêu doanh thu 1.000 tỷ yên và tham vọng đưa công ty thành biểu tượng quốc gia.",24h,Kinh doanh & Kinh tế,1,0,0.2873167104876968,0.7126832895123032,FN,8,FN_subtle_curiosity_gap,Cấu trúc 'Từ ... đến ...' tạo narrative hook nhưng không dùng từ khóa clickbait quá trực diện.,0
article_0237,Khởi động chiến dịch bảo vệ ngôi vương - Báo Văn hóa,HLV Kim Sang-sik vừa lên danh sách tập trung 35 cầu thủ trong đợt hội quân của đội tuyển U22 Việt Nam để chuẩn bị cho giải U23 vô địch Đông Nam Á. Đây là sân chơi chính thức đầu tiên trong năm 2025 của U22 Việt Nam trước khi đội hướng đến hai mục tiêu quan trọng khác là vòng loại U23 châu Á 2026 và môn bóng đá nam SEA Games 33.,Báo Mới,Thể thao,1,0,0.299342656033869,0.700657343966131,FN,9,FN_domain_specific_clickbait,"Ẩn dụ thể thao 'bảo vệ ngôi vương' là cue domain-specific, dễ bị model xem như tiêu đề thể thao bình thường.",0
article_0428,"Lại thêm vụ mất trắng 145 triệu đồng trong tài khoản: Bẫy cũ, nạn nhân mới","Sau một cuộc gọi bất thường, người đàn ông ở Hà Nội bị lừa 145 triệu đồng trong tài khoản.",SaoStar,Sức khỏe & Đời sống,1,0,0.3014895201005476,0.6985104798994524,FN,10,FN_subtle_curiosity_gap,"Cụm 'Bẫy cũ, nạn nhân mới' tạo curiosity gap về thủ đoạn lừa đảo nhưng model đánh giá thấp.",0
article_1250,Đại học Bách khoa Hà Nội phỏng vấn thí sinh 'tài năng’ những gì?,"450 thầy cô của Đại học Bách khoa Hà Nội đều là những người có kinh nghiệm học tập ở nước ngoài, từng tham gia các kỳ phỏng vấn học bổng du học, sẽ trực tiếp phỏng vấn 3.000 thí sinh diện tài năng.",VietNamNet,Giáo dục & Học đường,1,0,0.3035936493777633,0.6964063506222367,FN,11,FN_subtle_curiosity_gap,"Dạng câu hỏi 'những gì?' che giấu nội dung cụ thể của phỏng vấn, nhưng model vẫn dự đoán non-clickbait.",0
article_0960,Florian Wirtz: Ma thuật nước Đức chờ bay cao với Liverpool,"Florian Wirtz là một trong những cầu thủ xuất sắc nhất thế giới, sở hữu thứ bóng đá ma thuật và tự tin chinh phục vinh quang với Liverpool.",VietNamNet,Thể thao,1,0,0.3110642476490966,0.6889357523509034,FN,12,FN_domain_specific_clickbait,Lối viết thể thao giàu ẩn dụ như 'ma thuật' và 'bay cao' là cue clickbait theo domain bóng đá.,0
article_2846,Khi trung vệ Lý Đức mất kiểm soát,Tấm thẻ đỏ ngay trước khi V-League hạ màn là kỷ niệm buồn với trung vệ trẻ Phạm Lý Đức của HAGL.,Thanh Niên,Other,1,0,0.3192438477396895,0.6807561522603105,FN,13,FN_subtle_curiosity_gap,Cụm 'mất kiểm soát' tạo tò mò về diễn biến nhưng thiếu keyword mạnh nên model bỏ sót.,0
article_3648,Cảng cá 280 tỷ đồng sắp hoạt động nhưng luồng lạch bồi lắng,"Dự án cảng cá Cửa Nhượng (Hà Tĩnh) có mức đầu tư 280 tỷ đồng được đánh giá hiện đại bậc nhất miền Trung đã hoàn thiện, chuẩn bị đưa vào hoạt động song luồng lạch bồi lắng khiến ngư dân lo lắng khó vào, ra.",24h,Giải trí & Showbiz,1,0,0.3271110393855262,0.6728889606144738,FN,14,DATA_quality_issue,"Category là Giải trí & Showbiz nhưng nội dung là cảng cá/hạ tầng, cho thấy metadata có thể bị lệch.",1
article_2930,Hội An 2025: Khi phố cổ lên đèn và ký ức bừng sáng,"Trong sắc vàng rêu phong và ánh lồng đèn lấp lánh, phố cổ Hội An như một giấc mơ chậm rãi trôi qua từng mái ngói, từng nhịp cầu.",SaoStar,Du lịch & Ẩm thực,1,0,0.3431756775764129,0.6568243224235871,FN,15,AMB_borderline_label,Tiêu đề du lịch có văn phong giàu hình ảnh nhưng không chắc là clickbait; nhãn tương đối biên.,0
article_1117,Bộ Xây dựng yêu cầu Vicem hoàn thiện tháp nghìn tỷ 'đắp chiếu' chục năm,"Tổng công ty Xi măng Việt Nam (Vicem) cần tập trung triển khai đầu tư, hoàn thiện tòa nhà 31 tầng ở Cầu Giấy sau chục năm bỏ hoang.",VnExpress,Other,1,0,0.3504478866049075,0.6495521133950926,FN,16,FN_neutral_surface_form,Cụm 'nghìn tỷ' và 'đắp chiếu' có tính kích thích nhưng tiêu đề vẫn giống tin quản lý nhà nước.,0
article_2869,"Cầu thủ nhập tịch Indonesia không muốn về nước thi đấu, thất nghiệp đến bao lâu?","Báo chí Indonesia hết sức lo lắng trước tình trạng các cầu thủ nhập tịch đội tuyển nước này đang chịu cảnh thất nghiệp, sẽ ảnh hưởng cơ hội lịch sử giành vé dự World Cup 2026. Mới đây, một người trong cuộc đã lên tiếng.",Thanh Niên,Other,1,0,0.3539447228726564,0.6460552771273436,FN,17,FN_entity_context_needed,Cần biết bối cảnh cầu thủ nhập tịch Indonesia/World Cup để thấy phần gợi tò mò trong tiêu đề.,0
article_2131,"Video: Nam sinh xem điểm thi vào lớp 10, phản ứng khiến cả cõi mạng vui lây","Giữa mùa công bố điểm thi vào lớp 10 đầy hồi hộp, mạng xã hội lại rộn ràng vì đoạn clip ghi lại phản ứng hài hước của một nam sinh khi biết mình đỗ cấp 3",SaoStar,Giáo dục & Học đường,1,0,0.3555825460485436,0.6444174539514564,FN,18,FN_subtle_curiosity_gap,Cụm 'phản ứng khiến cả cõi mạng vui lây' che giấu phản ứng cụ thể và là ví dụ clickbait rõ.,1
article_1006,"""Mỗi chiếc B-2 giá hơn 2,2 tỷ USD”: Mỹ ""đốt” chi phí khủng tấn công các địa điểm hạt nhân của Iran","Cuộc không kích của Mỹ vào các cơ sở hạt nhân Iran mới đây không chỉ gây chấn động vì quy mô và độ chính xác, mà còn cho thấy mức độ đầu tư khổng lồ vào công nghệ quân sự. Với chi phí hơn 2,2 tỷ USD cho mỗi chiếc B-2 và 20 triệu USD cho mỗi quả bom xuyên phá, Mỹ đang chứng minh khả năng tấn công toàn cầu từ cách xa nửa vòng trái đất.",24h,Kinh doanh & Kinh tế,1,0,0.3666057911673142,0.6333942088326858,FN,19,FN_domain_specific_clickbait,Tiêu đề quân sự dùng chi phí cực lớn và từ ngữ mạnh nhưng thuộc tin quốc tế nên dễ bị xem như phân tích thông thường.,0
article_2632,Bắt 6 đối tượng hiếp dâm bé gái trong rừng cao su ở Đắk Lắk,"Công an tỉnh Đắk Lắk vừa khởi tố, bắt tạm giam 6 đối tượng để điều tra về hành vi hiếp dâm bé gái 14 tuổi trong rừng cao su.",VietNamNet,Chính trị & An ninh,1,0,0.3667422521640463,0.6332577478359537,FN,20,AMB_borderline_label,"Tiêu đề tội phạm nêu đầy đủ hành vi và địa điểm, nên nhãn clickbait có thể gây tranh luận.",0
article_1556,Công Phượng đã đúng về 'Ronaldo Việt Nam',Bàn thắng của 'Ronaldo Việt Nam' đã mở toang cánh cửa giành vé play-off cho Bình Phước.,SaoStar,Thể thao,1,0,0.3726235640509753,0.6273764359490247,FN,21,FN_entity_context_needed,Biệt danh 'Ronaldo Việt Nam' đòi hỏi hiểu entity/bối cảnh bóng đá để nhận ra tính câu kéo.,0
article_3229,Anh Tài Quốc Thiên bị kiện,Ca sĩ Quốc Thiên bị kiện vi phạm bản quyền.,24h,Giải trí & Showbiz,1,0,0.3849565537943987,0.6150434462056014,FN,22,FN_subtle_curiosity_gap,"Tiêu đề rất ngắn, chỉ nói bị kiện mà không cho biết lý do, tạo khoảng trống thông tin.",0
article_3164,Đan Trường cảnh báo,"TPO - Ca sĩ Đan Trường lên tiếng về tình trạng các trang Facebook lấy hình ảnh của anh, chỉnh sửa mặt để đưa vào video quảng cáo dịch vụ cho vay nặng lãi. Anh kêu gọi khán giả nếu biết diễn viên trong clip giả mạo hình ảnh hãy cung cấp thông tin để phía Đan Trường báo cáo với cơ quan chức năng.",24h,Giải trí & Showbiz,1,0,0.3899178870626164,0.6100821129373837,FN,23,FN_requires_lead_context,Tiêu đề 'Đan Trường cảnh báo' quá ngắn; cần lead mới biết cảnh báo chuyện gì.,0
article_1865,"Loạt ""idol tài năng"" với điểm chứng chỉ tuyệt đối đăng ký vào Bách khoa, không sân khấu vẫn chói mắt như thường","Các ""idol"" này quá xịn phải không nào!",Kênh14,Giáo dục & Học đường,1,0,0.3922458230615047,0.6077541769384953,FN,24,FN_domain_specific_clickbait,"Dùng giọng mạng xã hội và cụm phóng đại trong bối cảnh giáo dục, khác phong cách clickbait tin tức phổ biến.",0
article_3446,"Mùa chuyển cấp: Phụ huynh thở phào với chi phí ""hời"" từ xe điện OSAKAR","Mùa chuyển cấp luôn đi kèm với nhiều nỗi lo về chi phí, đặc biệt là mua sắm phương tiện di chuyển an toàn và tiện lợi cho con. Giữa bối cảnh giá xăng liên tục tăng cao, xe điện OSAKAR nổi lên như một giải pháp “cứu cánh“ kịp thời và hiệu quả.",24h,Other,1,0,0.4023021965540009,0.5976978034459991,FN,25,FN_domain_specific_clickbait,"Tiêu đề có yếu tố quảng bá/thương mại như 'chi phí hời' và 'thở phào', nhưng model không học tốt cue quảng cáo.",0
article_3751,"Vương quốc kem với vị cá thu, than củi","Đến vương quốc kem Litva, nơi người dân tiêu thụ trung bình 9 kg kem mỗi năm, du khách có thể tìm thấy một bản đồ các loại kem, từ vị cá thu, than củi, nấm cho đến rượu vang.",24h,Du lịch & Ẩm thực,1,0,0.408127280621249,0.591872719378751,FN,26,FN_subtle_curiosity_gap,Các vị kem lạ như cá thu/than củi tạo tò mò nhưng bề mặt vẫn là tiêu đề du lịch ẩm thực.,0
article_3408,"Cao nguyên cách Hà Nội 300km có biển mây, thác nước, khách rộn ràng reo vui","Quãng đường di chuyển thuận tiện với tuyến cao tốc Hà Nội - Lào Cai, không khí trong lành, mát mẻ, mùa hè chỉ khoảng 20 độ C... là những lý do khiến cao nguyên Y Tý trở thành địa điểm ""trốn nóng"" hút khách.",VietNamNet,Du lịch & Ẩm thực,1,0,0.4154336720473255,0.5845663279526745,FN,27,FN_subtle_curiosity_gap,Tiêu đề mô tả địa điểm bằng khoảng cách và trải nghiệm nhưng không nêu tên nơi ngay ở headline.,1
article_2870,Top đội bóng,,Thanh Niên,Chính trị & An ninh,1,0,0.4158570493288672,0.5841429506711329,FN,28,DATA_quality_issue,"Tiêu đề quá ngắn và lead trống, không đủ ngữ cảnh để đánh giá nhãn một cách đáng tin cậy.",1
article_2031,Khám phá,"Khám phá du lịch - Khám phá tour du lịch độc đáo, nổi tiếng. Khám phá văn hóa ẩm thực vùng miền, địa điểm, địa danh nổi tiếng Việt Nam và thế giới",Thanh Niên,Chính trị & An ninh,1,0,0.4194295908619559,0.5805704091380441,FN,29,DATA_quality_issue,"Tiêu đề chỉ là một từ chung chung và lead giống mô tả chuyên mục, khả năng là lỗi scrape/metadata.",1
article_2732,Tắt các thiết lập này sẽ giúp tăng tốc Windows 11 nhanh hơn rất nhiều - Báo Pháp Luật TP.HCM,"Windows 11 mang đến giao diện hiện đại, nhiều hiệu ứng chuyển động mượt mà, nhưng chính những yếu tố này lại khiến hệ thống trở nên ì ạch. Làm thế nào để tăng tốc Windows 11?",Báo Mới,Other,1,0,0.4254536427224148,0.5745463572775852,FN,30,FN_subtle_curiosity_gap,"Cụm 'các thiết lập này' che giấu thông tin cụ thể, là curiosity gap dạng hướng dẫn.",1
article_3658,Thấp thỏm quanh những cái ‘bẫy’ từ các mỏ vật liệu không hoàn thổ ở Hà Tĩnh,"Dù đã dừng khai thác nhiều năm song hàng loạt mỏ đá ven các dãy núi ở Hà Tĩnh chưa khắc phục môi trường, thu dọn máy móc. Những quả đồi trơ sỏi đá, hồ nước sâu cả chục mét vô tình trở thành cái “bẫy” gây nguy hiểm cho người dân.",24h,Giải trí & Showbiz,1,0,0.4255181481786146,0.5744818518213854,FN,31,FN_neutral_surface_form,Ẩn dụ 'cái bẫy' tạo kịch tính nhưng tiêu đề vẫn giống tin phản ánh an toàn địa phương.,0
article_2579,On Trending | Dàn cast Đấu trường gia tốc 'tố nhau' trong thử thách 'Ai là…',"Sau màn giới thiệu đậm chất riêng, các thành viên của dàn cast 'Đấu trường gia tốc' hào hứng khi bước vào trong trò chơi khởi động.",Thanh Niên,Giải trí & Showbiz,1,0,0.4264803065097781,0.5735196934902219,FN,32,FN_subtle_curiosity_gap,Cụm 'Ai là…' bị bỏ lửng tạo curiosity gap rõ nhưng phụ thuộc vào format giải trí.,0
article_0732,Xác định nguyên nhân thanh niên không mặc quần áo tử vong giữa đường ở TP Thủ Đức,"Sau tiếng la hét, thanh niên chạy ra đường trong tình trạng không mặc quần áo, máu chảy nhiều rồi ngã gục giữa đường, tử vong ở TP Thủ Đức.",24h,Chính trị & An ninh,1,0,0.4313913744791812,0.5686086255208188,FN,33,AMB_borderline_label,Tiêu đề nêu rõ sự kiện chính và nguyên nhân đang được xác định; ranh giới clickbait không rõ.,0
article_3471,Gần 1.000 người đội nắng đổi xe máy xăng lấy xe điện - Chuyên trang Xe Giao Thông - Báo Xây Dựng,"Sự kiện 'Đổi xăng lấy điện' do VinFast tổ chức đã thu hút nhiều người dân Thủ đô đến tìm hiểu, trải nghiệm và đổi xe máy xăng sang xe điện.",Báo Mới,Xe & Vận tải,1,0,0.4321552269563864,0.5678447730436136,FN,34,FN_neutral_surface_form,"Tin sự kiện đổi xe có bề mặt thông tin trực tiếp, nên model không nhận ra nhãn clickbait.",0
article_1634,Điểm chuẩn lớp 10 vào 2 trường chuyên 'hot' ở TP.HCM biến động bất ngờ - Tạp chí Tri thức,"So với năm 2024, điểm chuẩn vào lớp 10 trường THPT chuyên Lê Hồng Phong và THPT chuyên Trần Đại Nghĩa có biến động, nhiều khối chuyên giảm mạnh ngưỡng trúng tuyển.",Báo Mới,Other,1,0,0.4347141943699178,0.5652858056300822,FN,35,FN_subtle_curiosity_gap,Cụm 'biến động bất ngờ' tạo kỳ vọng về chi tiết điểm chuẩn nhưng tiêu đề vẫn khá giống tin giáo dục.,0
article_3682,"Khốc liệt cuộc đua Ngoại hạng Anh 2024/25, đội nào ""biến hóa” nhất về chiến thuật?",Cuộc chiến về mặt chiến thuật tại Ngoại hạng Anh cũng gay cấn và quyết liệt với nhiều “đòn“ bất ngờ. Điều đó lại càng được thể hiện rõ hơn trong mùa giải 2024/25.,24h,Giải trí & Showbiz,1,0,0.4385577830081172,0.5614422169918828,FN,36,FN_domain_specific_clickbait,Câu hỏi chiến thuật thể thao và cụm “biến hóa” là cue clickbait trong domain bóng đá.,0
article_0718,"Người đàn ông đến ngân hàng chuyển 22 triệu đồng cho vợ tương lai, nhân viên liền báo cảnh sát",Người đàn ông phản ứng vô cùng gay gắt khi làm viêc với phía cảnh sát.,SaoStar,Quốc tế,1,0,0.4402169074690811,0.5597830925309188,FN,37,FN_subtle_curiosity_gap,"Tiêu đề kể tình huống lạ nhưng giấu lý do nhân viên báo cảnh sát, curiosity gap rất rõ.",1
article_2773,Mắc kẹt vì giấc mơ 'an cư lạc nghiệp',"Ba năm qua, vợ chồng Minh Phương sống trong hối hận và khổ sở vì đã quá vội vã vay mượn để mua nhà Hà Nội.",VnExpress,Other,1,0,0.4420267368791965,0.5579732631208034,FN,38,FN_neutral_surface_form,Ẩn dụ 'giấc mơ an cư lạc nghiệp' tạo cảm xúc nhưng bề mặt giống bài đời sống/xã hội.,0
article_1164,Đua mở mới khách sạn ven biển,"Du lịch biển sôi động giúp bất động sản nghỉ dưỡng khởi sắc, thu hút các ông lớn vận hành khách sạn chạy đua mở cơ sở mới.",VnExpress,Other,1,0,0.4422137641914971,0.5577862358085028,FN,39,AMB_borderline_label,"Tiêu đề kinh doanh khá trực tiếp, không thể hiện rõ thao tác câu kéo nếu không đọc kỹ lead.",0
article_1683,Giáo viên 'mách' bí quyết làm bài môn Toán thi tốt nghiệp THPT đạt điểm 'mơ ước' - Tạp chí Người Đưa Tin,"Chỉ còn vài ngày nữa Kỳ thi tốt nghiệp trung học phổ thông năm 2025 sẽ chính thức diễn ra, mỗi học sinh cần phải có phương pháp học phù hợp cũng như cần nỗ lực một cách mạnh mẽ thì mới phát huy được tối đa năng lực của mình.",Báo Mới,Giáo dục & Học đường,1,0,0.4423002398426599,0.5576997601573401,FN,40,FN_subtle_curiosity_gap,Từ 'bí quyết' và 'điểm mơ ước' tạo promise/hướng dẫn nhưng model đánh giá thấp.,0
article_3341,4 quán cơm gà khách nên thử khi đến Hội An,"Khám phá ẩm thực Hội An, du khách nên thử các quán cơm gà lâu năm ở trung tâm như cơm gà Bà Buội hay Hương - kiệt Sica.",VnExpress,Other,1,0,0.4431751542598743,0.5568248457401257,FN,41,FN_subtle_curiosity_gap,Dạng listicle du lịch/ẩm thực tạo lời hứa gợi ý nhưng không quá giật gân.,0
article_2644,Microsoft sẵn sàng 'đường ai nấy đi' với nhà sáng lập ChatGPT,"Công ty đứng sau ChatGPT muốn chuyển đổi sang mô hình mới, khiến Microsoft toan tính chiến lược",SaoStar,Công nghệ & Khoa học,1,0,0.44479613696616,0.5552038630338401,FN,42,FN_entity_context_needed,Cụm 'đường ai nấy đi' cần hiểu quan hệ Microsoft/OpenAI/ChatGPT để thấy tính gợi tò mò.,0
article_1226,Mặt trời giả xuất hiện ở Việt Nam đúng ngày hạ chí: Báo hiệu điều gì?,"Hạ chí 21.6 hôm qua, nhiều người bất ngờ nhìn thấy hiện tượng mặt trời giả từ núi Bà Đen (Tây Ninh). Nguyên nhân của hiện tượng này là gì?",Thanh Niên,Other,1,0,0.4491805419187837,0.5508194580812162,FN,43,FN_subtle_curiosity_gap,Câu hỏi 'Báo hiệu điều gì?' che giấu lời giải thích và là cue curiosity điển hình.,1
article_1237,"Tưởng bị phạt nguội, tài xế vượt đèn đỏ nhận thông báo không ngờ từ CSGT","Tài xế vượt đèn đỏ đưa người bị tai nạn đi cấp cứu ở TP.Đà Lạt lo bị phạt nguội, nhưng thông báo mới nhất từ CSGT khiến ông bất ngờ.",Thanh Niên,Other,1,0,0.4547403339320597,0.5452596660679403,FN,44,FN_subtle_curiosity_gap,"Cụm 'thông báo không ngờ' che giấu kết quả, tạo clickbait rõ.",1
article_1268,Doãn Quốc Đam trở lại,"Sau hơn một thập kỷ gắn bó với vai phản diện truyền hình, Doãn Quốc Đam bất ngờ xuất hiện với diện mạo hoàn toàn mới trong phim điện ảnh mới",SaoStar,Giải trí & Showbiz,1,0,0.4593628806551765,0.5406371193448235,FN,45,FN_requires_lead_context,Tiêu đề chỉ nói 'trở lại' mà không cho biết trở lại như thế nào; cần lead để hiểu thông tin chính.,0
article_1202,Ghi nội dung chuyển khoản né từ mua bán: Cảm thông hay tiếp tay né thuế?,"Để né thuế, một số người bán yêu cầu khách trả tiền mặt hoặc chuyển khoản mà không ghi rõ nội dung giao dịch. Dưới góc độ người mua hàng, một số người bày tỏ sự cảm thông nhưng cũng không ít ý kiến cho rằng cần minh bạch và tạo điều kiện thuận tiện cho khách là trên hết.",Thanh Niên,Sức khỏe & Đời sống,1,0,0.4594069235795189,0.5405930764204812,FN,46,FN_subtle_curiosity_gap,Dạng câu hỏi tranh luận xã hội gợi tò mò về quan điểm hơn là cung cấp kết luận ngay.,0
article_3567,"Ford Territory - Khám phá ""lãnh thổ"" riêng trong thế giới crossover","Ford Territory - mẫu crossover hạng C đình đám tại Việt Nam, với thiết kế hiện đại và công nghệ an toàn vượt trội.",24h,Xe & Vận tải,1,0,0.4596212523372068,0.5403787476627933,FN,47,FN_domain_specific_clickbait,"Tiêu đề quảng bá xe dùng chơi chữ “lãnh thổ” và ngôn ngữ marketing, khác mẫu clickbait tin tức thường gặp.",0
article_2645,T1 Phone: Gắn mác Mỹ nhưng lại 'Made in China'?,Nhiều chuyên gia cho rằng T1 Phone nhiều khả năng sẽ được sản xuất ở Trung Quốc,SaoStar,Công nghệ & Khoa học,1,0,0.4597223264080222,0.5402776735919779,FN,48,FN_entity_context_needed,Cần hiểu sản phẩm T1 Phone và bối cảnh 'Made in China' để nhận ra tính gợi nghi vấn.,0
article_2902,Mỗi tháng trả 12 triệu đồng thuê mặt tiền chỉ để nhìn ô tô đỗ kín lối vào!,"Bỏ ra 12 triệu đồng mỗi tháng để thuê mặt bằng kinh doanh, chị Chi không ngờ điều khiến mình mệt mỏi lại là những chiếc ô tô thay nhau chắn lối. Cửa hàng thuê đàng hoàng, nhưng cửa nhà lúc nào cũng như bãi đỗ xe miễn phí.",VietNamNet,Xe & Vận tải,1,0,0.4630478583598612,0.5369521416401388,FN,49,FN_neutral_surface_form,Tiêu đề có yếu tố cảm xúc 'chỉ để nhìn ô tô đỗ kín lối' nhưng vẫn giống phản ánh đời sống cụ thể.,0
article_0059,Mùa mưa bão đến rồi,"Bão ""con bướm"" đến, vậy là mở màn mùa mưa bão rồi.",Tuổi Trẻ,Other,1,0,0.464622933461097,0.535377066538903,FN,50,AMB_borderline_label,Tiêu đề rất ngắn và gần như không đủ thông tin; nhãn clickbait có thể đúng nhưng thiếu ngữ cảnh.,0
article_1480,Chuyên gia chỉ ra thực phẩm không nên ăn sống,"Một số thực phẩm sống chứa các hợp chất có hại mà cơ thể không thể tiêu hóa. Khi ăn sống ở lượng nhỏ có thể vô hại, nhưng nếu tiêu thụ chúng quá mức sẽ gây rối loạn nghiêm trọng dẫn đến ngộ độc.",Thanh Niên,Sức khỏe & Đời sống,0,1,0.874358251981257,0.874358251981257,FP,51,FP_emotional_but_informative,"Cụm 'chỉ ra' và cảnh báo ăn sống làm model nghi clickbait, nhưng tiêu đề vẫn là tư vấn sức khỏe rõ nội dung.",0
article_2596,Hoa hậu Khánh Vân: Tôi được chồng yêu chiều nên làm vợ cũng thoải mái,"Dịp xuân Ất Tỵ, Hoa hậu Khánh Vân có những tiết lộ với Thanh Niên về cái tết đầu tiên sau khi kết hôn.",Thanh Niên,Other,0,1,0.8253700620757337,0.8253700620757337,FP,52,FP_entertainment_style_bias,"Tin phỏng vấn người nổi tiếng có giọng cá nhân/đời tư, dễ bị model gắn với clickbait dù nội dung là trích dẫn rõ.",0
article_1499,Alo bác sĩ nghe: Đau mỏi vai gáy khi ngủ dậy cảnh báo điều gì?,"'Tôi năm nay 55 tuổi, gần đây hay đau mỏi vai gáy, nhất là buổi sáng ngủ dậy. Liệu có phải dấu hiệu của thoái hóa đốt sống cổ không? Tôi nên khám và điều trị như thế nào?'. (M.Lộc, ở TP.HCM).",Thanh Niên,Other,0,1,0.8046873814161782,0.8046873814161782,FP,53,FP_question_but_legitimate,"Tiêu đề là câu hỏi tư vấn y tế hợp lệ, không cố tình che giấu thông tin quá mức.",1
article_2741,Không phải iPhone nào cũng được hưởng trọn tính năng iOS 26 - Báo VietnamNet,"Bên cạnh đổi mới giao diện, iOS 26 còn mang đến nhiều tính năng mới. Tuy nhiên, không phải iPhone nào cũng được hưởng trọn vẹn hệ điều hành này.",Báo Mới,Other,0,1,0.7754038197805136,0.7754038197805136,FP,54,FP_emotional_but_informative,Cấu trúc 'Không phải ... nào cũng...' tạo tò mò nhưng nội dung là thông tin công nghệ cụ thể.,0
article_1400,Nên ăn và tránh gì trước khi chạy bộ?,"Người chạy bộ nên ăn trước khi chạy ít nhất 30 phút, chọn thực phẩm dễ tiêu hóa, cung cấp đủ carbohydrate, protein, chất béo lành mạnh.",VnExpress,Other,0,1,0.7740997316748603,0.7740997316748603,FP,55,FP_question_but_legitimate,"Câu hỏi sức khỏe/thể thao có mục đích hướng dẫn trực tiếp, không phải curiosity gap sai lệch.",0
article_2564,"Hồng Nhung: Khi được chẩn đoán mắc ung thư, tôi nghĩ đến 2 con đầu tiên","Trong chương trình 'Cuộc hẹn cuối tuần' phát trên VTV3, ca sĩ Hồng Nhung có những phút trải lòng về quãng thời gian chống chọi với biến cố sức khỏe.",Thanh Niên,Other,0,1,0.7653916222274338,0.7653916222274338,FP,56,FP_entertainment_style_bias,"Tin nghệ sĩ bệnh nặng có yếu tố cảm xúc và đời tư, nhưng headline phản ánh đúng nội dung phỏng vấn.",0
article_3276,"Lái xe đi nghỉ mát, cả gia đình được buổi 'xông hơi' vì điều hòa ô tô giở chứng - Báo VietnamNet","Gia đình 4 người lái xe ô tô đi du lịch thì điều hòa hỏng giữa trời nắng, chiếc xe trở thành phòng xông hơi bất đắc dĩ. Chuyên nghỉ mát 'toát mồ hôi hột' là có thật.",Báo Mới,Sức khỏe & Đời sống,0,1,0.756698005536809,0.756698005536809,FP,57,FP_emotional_but_informative,"Cách ví 'xông hơi' và 'toát mồ hôi' giàu hình ảnh khiến model dự đoán clickbait, nhưng sự cố được nêu rõ.",1
article_2572,NSƯT Công Ninh ở tuổi 63: Tôi sống không dư dả gì,"Đối với nghệ sĩ Công Ninh, mỗi người có một số phận riêng nên ở thời điểm hiện tại dù cuộc sống không giàu có nhưng ông vẫn vui vì lo được cho vợ con.",Thanh Niên,Giải trí & Showbiz,0,1,0.7491358634796711,0.7491358634796711,FP,58,FP_entertainment_style_bias,Tiêu đề đời tư nghệ sĩ có phong cách showbiz nhưng không che giấu thông tin chính.,0
article_1470,Thêm nhiều lợi ích bất ngờ từ đu đủ,"Đu đủ không chỉ là một món ăn giải nhiệt mà còn mang đến hàng loạt lợi ích cho cơ thể, từ tăng cường thị lực đến hỗ trợ tiêu hóa và bảo vệ tim mạch.",Thanh Niên,Sức khỏe & Đời sống,0,1,0.746097301812163,0.746097301812163,FP,59,FP_emotional_but_informative,"Từ 'bất ngờ' là cue mạnh, nhưng bài chỉ liệt kê lợi ích sức khỏe của đu đủ.",0
article_0477,Thế giới 24h: Lãnh tụ tối cao Iran lên tiếng sau đòn tập kích bất ngờ của Mỹ,"Lãnh tụ tối cao Iran Ayatollah Ali Khamenei tuyên bố sẽ trừng phạt Israel. Đầu tuần trước, ông Khamenei cũng đưa ra lời cảnh báo cứng rắn nếu Mỹ tấn công Iran.",24h,Quốc tế,0,1,0.7335496293563313,0.7335496293563313,FP,60,FP_emotional_but_informative,"Cụm 'bất ngờ' trong tin quốc tế làm model nhạy, nhưng tiêu đề vẫn nêu rõ sự kiện chính.",0
article_2207,Hồng Nhung bật khóc vì không thể hát sau ca mổ ung thư - Tạp chí Tri thức,"Hồng Nhung kể những ngày đầu sau ca phẫu thuật, cô từng bật khóc vì không hát được. Nữ ca sĩ vẫn chăm chỉ luyện thanh và giọng hát đã trở lại.",Báo Mới,Giải trí & Showbiz,0,1,0.7309504167292198,0.7309504167292198,FP,61,FP_entertainment_style_bias,"Tin showbiz có cảm xúc mạnh như bật khóc/ung thư, nhưng headline mô tả sự kiện rõ ràng.",0
article_3535,Bác sĩ kêu gọi giúp người đàn ông bị bỏng nặng không có bảo hiểm nuôi 5 con nhỏ,"Được cấp cứu trong tình trạng “thập tử nhất sinh” vì nổ bình gas, người đàn ông trụ cột gia đình đang đối mặt với chi phí điều trị hơn 20 triệu đồng/ngày mà không có bảo hiểm y tế.",VietNamNet,Other,0,1,0.718097265996406,0.718097265996406,FP,62,FP_emotional_but_informative,Tiêu đề nhân đạo có nhiều yếu tố thương cảm nhưng thông tin về hoàn cảnh và lời kêu gọi khá đầy đủ.,0
article_0996,Muôn vàn cảm xúc của 'phe vé' trước cổng concert có G-Dragon,Phe vé lao đao trước giờ G-Dragon biểu diễn,SaoStar,Giải trí & Showbiz,0,1,0.7051961730556603,0.7051961730556603,FP,63,FP_entertainment_style_bias,"Bối cảnh concert/G-Dragon và cụm cảm xúc của phe vé thuộc style giải trí, dễ bị model xem là clickbait.",0
article_1525,Xung đột Nga – Ukraine làm lộ sai lầm trong kho vũ khí của phương Tây,"Ukraine cho rằng, phương Tây cần vũ khí sản xuất hàng loạt giá rẻ thay vì vũ khí đắt tiền và cao cấp để chuẩn bị cho cuộc xung đột tiêu hao dai dẳng chống lại một đối thủ như Nga.",VietNamNet,Quốc tế,0,1,0.6987472095874606,0.6987472095874606,FP,64,FP_emotional_but_informative,Cụm 'lộ sai lầm' tạo sắc thái giật gân nhưng bài là phân tích quân sự/chính trị.,0
article_1558,Chia tay bầu Đức bằng sự tử tế,"Tiền vệ Minh Vương đã tuyên bố chia tay HAGL và bầu Đức sau 18 năm gắn bó, và câu chuyện để lại là một sự tử tế về bóng đá.",SaoStar,Thể thao,0,1,0.6958973220380272,0.6958973220380272,FP,65,FP_source_style_bias,"Tiêu đề thể thao bình luận có văn phong cảm xúc, model dễ học nhầm style nguồn/domain thành clickbait.",0
article_2893,"Ô tô nhập Mỹ: Nếu thuế nhập khẩu về 0%, giá rẻ hơn nhưng vẫn khó hút khách","Xe ô tô nhập Mỹ thường ế ẩm vì giá cao, trang bị hạn chế, khó cạnh tranh với xe lắp ráp trong nước và nhập từ ASEAN. Tuy nhiên, ngay cả khi thuế nhập khẩu về 0%, tình hình vẫn khó thay đổi.",VietNamNet,Xe & Vận tải,0,1,0.6909149882063746,0.6909149882063746,FP,66,FP_emotional_but_informative,Tiêu đề dùng giả định gây chú ý nhưng nội dung là phân tích thị trường xe khá trực tiếp.,0
article_2349,CEO Telegram để lại 17 tỷ USD cho 106 người con,"CEO Telegram Pavel Durov có 106 người con. Ông dự định để lại toàn bộ tài sản – ước tính 17,1 tỷ USD – cho các con của mình.",VietNamNet,Công nghệ & Khoa học,0,1,0.6841940633089321,0.6841940633089321,FP,67,FP_emotional_but_informative,"Số tiền và số con rất gây chú ý nhưng đây là thông tin factual, không che giấu nội dung chính.",0
article_1961,Ngọc Khuê: 'Chồng giúp tôi mở lòng sau một lần đổ vỡ',"Ca sĩ Ngọc Khuê nói DJ Huy Ngô luôn lắng nghe và thấu hiểu, khiến chị tin vào hôn nhân dù đã ""một lần đò"".",VnExpress,Other,0,1,0.6770421399936372,0.6770421399936372,FP,68,FP_entertainment_style_bias,Tiêu đề quote đời tư nghệ sĩ có style giải trí nhưng không phải câu nhử thiếu thông tin.,0
article_0858,Hình xăm ảnh hưởng hệ miễn dịch thế nào?,"Với mỗi hình xăm, hàng triệu tế bào phải nỗ lực chiến đấu dù không thể thắng, cuối cùng lấy chính thân mình làm nhà tù giam giữ chất độc.",VnExpress,Công nghệ & Khoa học,0,1,0.6744958578200996,0.6744958578200996,FP,69,FP_question_but_legitimate,"Câu hỏi khoa học/sức khỏe hợp lệ, headline nêu rõ vấn đề cần giải thích.",0
article_3195,Tú Dưa: 'Tôi hạnh phúc khi con gái nối nghiệp',"Tú Dưa hỗ trợ hai tỷ đồng cho con gái - Ngân Hà - thực hiện MV đầu tay, đánh dấu việc cô theo đuổi âm nhạc chuyên nghiệp.",24h,Giải trí & Showbiz,0,1,0.6727567801356782,0.6727567801356782,FP,70,FP_entertainment_style_bias,Tin gia đình nghệ sĩ có màu giải trí/đời tư nhưng thông tin chính được trình bày thẳng.,0
article_0888,Choáng vì hàng giả tinh vi như hàng thật,"Hàng giả hiện nay không còn là những món đồ nhái vụng về với kiểu dáng thô kệch, bao bì sơ sài như trước mà được ""biến hóa"" tinh vi đến mức đánh lừa cả người sành sỏi.",Tuổi Trẻ,Kinh doanh & Kinh tế,0,1,0.67132622597866,0.67132622597866,FP,71,FP_emotional_but_informative,"Từ 'Choáng' rất dễ kích hoạt clickbait, nhưng nội dung là phản ánh hàng giả tinh vi.",1
article_2116,"Học trò lớp 2 viết bài văn về bố, câu nào cũng đầy ắp yêu thương","Một bài văn của học sinh lớp 2 viết về bố với lời lẽ mộc mạc, chân thành đã khiến nhiều người xúc động bởi tình cảm trong trẻo và quan sát đầy yêu thương.",SaoStar,Giáo dục & Học đường,0,1,0.6620539372986206,0.6620539372986206,FP,72,FP_emotional_but_informative,Tiêu đề cảm động về bài văn học sinh nhưng vẫn mô tả trực tiếp nội dung câu chuyện.,0
article_1028,"Vợ chồng Hà Nội rời phố về biển, chi tiền ""biến” nhà cũ thành homestay đẹp như mơ","Căn nhà rộng 134m2 với 1 phòng khách và 3 phòng ngủ, được cải tạo trong vòng chưa đầy 2 tháng hết tổng cộng 700 triệu đồng.",24h,Kinh doanh & Kinh tế,0,1,0.6589323031232853,0.6589323031232853,FP,73,FP_emotional_but_informative,Cụm 'đẹp như mơ' có màu lifestyle hấp dẫn nhưng headline cung cấp rõ câu chuyện cải tạo homestay.,0
article_1569,Man City thắng đậm đội bóng châu Á: HLV Guardiola nói gì về sao trẻ Echeverri?,"Man City đã dễ dàng đánh bại đội bóng châu Á Al Ain để ghi danh vòng knock-out FIFA Club World Cup 2025. Sau trận, HLV Pep Guardiola đã có những phát biểu đáng chú ý.",24h,Thể thao,0,1,0.656746064128875,0.656746064128875,FP,74,FP_question_but_legitimate,"Câu hỏi sau trận đấu là format thể thao hợp lệ, không nhất thiết là clickbait.",0
article_1557,Ngã rẽ của thủ môn Đặng Văn Lâm với HAGL,"Không phải ngẫu nhiên mà Đặng Văn Lâm bây giờ thành công, dù xuất phát điểm từng kém thuyết phục tại HAGL.",SaoStar,Thể thao,0,1,0.6519482647557537,0.6519482647557537,FP,75,FP_source_style_bias,"Tiêu đề thể thao phân tích sự nghiệp có ngôn ngữ bình luận, dễ bị nhầm với clickbait do style domain.",0
article_3108,Sự khác biệt giữa Night Shift và Dark Mode trên iPhone,Các tính năng Night Shift được giới thiệu từ iOS 9.3 và Dark Mode ra mắt cùng iOS 13 cũng nhằm mục đích giảm mỏi mắt.,Thanh Niên,Other,0,1,0.646640167969589,0.646640167969589,FP,76,OTHER,Tiêu đề công nghệ so sánh tính năng khá trung tính; lỗi có thể do model học nhầm các từ phổ biến như “khác biệt”.,0
article_1478,Có nên sử dụng miếng dán mụn?,Một trong những sản phẩm điều trị mụn được ưa chuộng nhất hiện nay là miếng dán mụn.,Thanh Niên,Sức khỏe & Đời sống,0,1,0.6462849229140235,0.6462849229140235,FP,77,FP_question_but_legitimate,"Câu hỏi tư vấn da liễu/sức khỏe là truy vấn thông tin bình thường, không tạo câu nhử quá mức.",0
article_1739,Vấn đề dinh dưỡng của Alcaraz và Sinner phức tạp thế nào,"Để sẵn sàng cho những trận đấu đỉnh cao kéo dài, Carlos Alcaraz hay Jannik Sinner không chỉ tập luyện trên sân, mà còn cả trong việc ăn uống.",VnExpress,Thể thao,0,1,0.6449655090934011,0.6449655090934011,FP,78,FP_question_but_legitimate,"Tiêu đề hỏi về phân tích dinh dưỡng thể thao, topic rõ và không che giấu thực thể chính.",0
article_1852,"Người dân chen kín vỉa hè, tranh nhau mua cua luộc ở TPHCM","Mỗi chiều, nhiều người dân ở TPHCM tụ tập, xếp hàng dài chờ đợi rồi tranh nhau mua những con cua luộc được một nhóm người đem đến bày bán theo kiểu dã chiến trên vỉa hè.",VietNamNet,Sức khỏe & Đời sống,0,1,0.6385468161508202,0.6385468161508202,FP,79,FP_emotional_but_informative,"Các cụm 'chen kín', 'tranh nhau' gây chú ý nhưng tiêu đề vẫn nêu sự kiện bán cua rõ ràng.",0
article_0108,'Thành công của bà con cũng là thành công của đất nước',"Tối 11.6 (giờ địa phương), Thủ tướng Phạm Minh Chính và phu nhân đã có cuộc gặp gỡ với cán bộ, nhân viên Đại sứ quán và cộng đồng người Việt Nam tại Thụy Điển.",Thanh Niên,Other,0,1,0.6371766981334684,0.6371766981334684,FP,80,FP_short_ambiguous_title,"Tiêu đề là câu trích dẫn thiếu ngữ cảnh nên model nhầm, nhưng lead cho thấy đây là phát biểu chính trị chính thống.",0
article_3496,"Rò rỉ ảnh của Xiaomi YU7 bản hiệu suất cao, đâu cũng là carbon - Tạp chí Tri thức","Ngoài bản tiêu chuẩn vừa xuất hiện, chiếc Xiaomi YU7 hiệu suất cao cũng đã được trưng bày với nhiều chi tiết carbon giúp tăng tính thể thao.",Báo Mới,Xe & Vận tải,0,1,0.6341805529259023,0.6341805529259023,FP,81,FP_emotional_but_informative,Từ 'rò rỉ' và chi tiết carbon tạo tò mò công nghệ nhưng nội dung là tin sản phẩm xe.,0
article_0864,Nghề SEO đứng trước 'ngã ba đường' vì AI,"Bên cạnh việc tìm cách kéo người thật truy cập website, đội ngũ chuyên tối ưu hóa công cụ tìm kiếm (SEO) giờ phải thu hút cả bot AI.",VnExpress,Công nghệ & Khoa học,0,1,0.6257711337346162,0.6257711337346162,FP,82,FP_emotional_but_informative,"Ẩn dụ 'ngã ba đường' làm tiêu đề kịch tính, nhưng bài là phân tích ngành SEO trước AI.",0
article_1719,Inter Milan 2-1 Urawa Red Diamonds,"Thủng lưới từ phút 11, nhưng Inter vẫn thắng ngược nhờ hai bàn ở nửa sau hiệp hai lượt trận thứ hai bảng E FIFA Club World Cup 2025.",VnExpress,Thể thao,0,1,0.6246180876895073,0.6246180876895073,FP,83,OTHER,Tiêu đề tỷ số trận đấu rất trực tiếp; lỗi có thể do model nhiễu theo domain/thực thể thể thao.,0
article_1419,"Suy thận bởi thói quen thức khuya, uống nước tăng lực","Hà NộiBệnh nhân nam 21 tuổi thường xuyên uống nước tăng lực để tỉnh táo, thức khuya ôn bài, kết quả phải cấp cứu do phù chân, kiệt sức, bác sĩ chẩn đoán chức năng thận chỉ còn dưới 20%.",VnExpress,Other,0,1,0.6224776986936461,0.6224776986936461,FP,84,FP_emotional_but_informative,"Tiêu đề sức khỏe có hậu quả nghiêm trọng nhưng nêu rõ nguyên nhân và bệnh lý, không che giấu thông tin.",0
article_0569,Bán hàng trên sàn online nộp thuế thế nào từ 1/7,"Doanh thu tính thuế giá trị gia tăng và thu nhập cá nhân của người bán trên sàn gồm toàn bộ tiền từ hàng hóa, dịch vụ, không trừ phí giao dịch, vận chuyển, giảm giá, trợ giá, theo hướng dẫn của cơ quan thuế.",VnExpress,Kinh doanh & Kinh tế,0,1,0.6199492422078831,0.6199492422078831,FP,85,FP_question_but_legitimate,Câu hỏi về nộp thuế là dạng hướng dẫn chính sách hợp lệ và topic rõ.,1
article_2439,"Đòi nợ bất thành, đâm vợ chồng con nợ thương vong - Báo Pháp Luật TP.HCM","Tài xế ở tỉnh Lâm Đồng gây ra vụ án mạng khiến 1 người tử vong, 1 người bị thương nặng do đòi tiền nợ không được.",Báo Mới,Other,0,1,0.6190673636877798,0.6190673636877798,FP,86,FP_emotional_but_informative,"Tin án mạng có từ ngữ mạnh nhưng tiêu đề nêu rõ nguyên nhân và hậu quả, không phải curiosity gap.",0
article_3269,Sản phụ mất con vì hội chứng Budd–Chiari hiếm gặp - Báo Tri thức & Cuộc sống,"Đây là bệnh lý hiếm gặp nhưng nguy hiểm, có thể gây suy gan cấp và đe dọa tính mạng. Trong thai kỳ, bệnh có thể tiến triển âm thầm nhưng hậu quả rất nặng nề.",Báo Mới,Other,0,1,0.6174829854850884,0.6174829854850884,FP,87,FP_emotional_but_informative,Tiêu đề y tế bi kịch nhưng thông tin chính và bệnh lý được nêu rõ.,0
article_1756,Yamal nghỉ hè cùng Neymar,"BrazilSiêu sao Tây Ban Nha Lamine Yamal đến Brazil nghỉ hè cùng Neymar, thần tượng lớn nhất trong sự nghiệp bóng đá.",VnExpress,Thể thao,0,1,0.6152121812124496,0.6152121812124496,FP,88,FP_entertainment_style_bias,"Tin thể thao/celebrity về Yamal và Neymar có style đời tư, dễ bị model nhầm clickbait.",0
article_1975,Ngô Thanh Vân mở tiệc đón con sắp chào đời,"TP HCMNgô Thanh Vân cùng ông xã Huy Trần mở tiệc ""baby shower"" chuẩn bị đón con đầu lòng - bé Gạo.",VnExpress,Other,0,1,0.615053631963003,0.615053631963003,FP,89,FP_entertainment_style_bias,Tin đời tư nghệ sĩ có tính giải trí nhưng headline nêu thẳng sự kiện mở tiệc đón con.,0
article_3746,Huy Trần nấu mâm cơm giàu dinh dưỡng chăm vợ bầu,"Chồng Ngô Thanh Vân nấu đầy một bàn ăn tẩm bổ cho vợ với đủ món như đậu hũ xốt nấm, canh rong biển, cải thảo, tốt cho phụ nữ mang bầu.",24h,Du lịch & Ẩm thực,0,1,0.6116675753420755,0.6116675753420755,FP,90,FP_entertainment_style_bias,"Tin lifestyle người nổi tiếng có yếu tố gia đình/đời tư, model dễ gắn nhầm với clickbait.",0
article_2585,"Quang Anh 'Về nhà đi con' bật khóc nức nở, dừng chân ở show âm nhạc","Trong đêm thi của 'Điểm hẹn tài năng', khoảnh khắc Quang Anh bật khóc trên sân khấu sau màn trình diễn được nhiều người quan tâm.",Thanh Niên,Other,0,1,0.6109912832613924,0.6109912832613924,FP,91,FP_entertainment_style_bias,Cụm 'bật khóc nức nở' rất cảm xúc nhưng nội dung show âm nhạc được mô tả trực tiếp.,0
article_1857,Cha 75 tuổi lặn lội đi xe máy hàng trăm km tìm bố mẹ đẻ cho con gái nuôi,TRUNG QUỐC - Cả đời nuôi con khôn lớn trưởng thành nhưng có một điều ông Cẩu Kim Thủy luôn đau đáu là chưa tìm được bố mẹ đẻ cho cô con gái nuôi của mình.,VietNamNet,Sức khỏe & Đời sống,0,1,0.6095271473541217,0.6095271473541217,FP,92,FP_emotional_but_informative,Câu chuyện nhân văn có cảm xúc mạnh nhưng tiêu đề nêu rõ hành động và mục đích.,0
article_2007,Phim kinh dị '28 Years Later' nhận phản hồi tốt,"Phim kinh dị ""28 Years Later"" gây bất ngờ với giới chuyên môn nhờ nội dung xúc động, góc máy sáng tạo và diễn xuất của dàn diễn viên.",VnExpress,Other,0,1,0.60712452168465,0.60712452168465,FP,93,FP_entertainment_style_bias,"Từ 'bất ngờ' trong review phim làm model nhạy, nhưng headline vẫn là đánh giá tác phẩm.",0
article_2370,Triệu chứng ung thư thận giai đoạn cuối,"Ung thư thận nằm ở vị trí thứ 9 trong tỷ lệ mắc ung thư ở người trưởng thành (chiếm khoảng 2%), đồng thời xếp thứ 3 trong số các bệnh ung thư thuộc hệ tiết niệu.",Kênh14,Sức khỏe & Đời sống,0,1,0.6026103531378945,0.6026103531378945,FP,94,OTHER,Tiêu đề sức khỏe dạng thông tin triệu chứng khá trực tiếp; lỗi có thể do topic bệnh nặng gây nhiễu.,1
article_3468,BYD làm rõ tin đồn về sedan điện Seal - Tạp chí Tri thức,Hãng xe Trung Quốc phủ nhận tin đồn BYD Seal là mẫu xe đầu tiên được trang bị pin thể rắn với khả năng hoạt động vượt trội.,Báo Mới,Xe & Vận tải,0,1,0.6009023166301796,0.6009023166301796,FP,95,FP_emotional_but_informative,Cụm 'tin đồn' và 'làm rõ' tạo sức hút nhưng headline vẫn nêu đúng nội dung phản hồi của hãng xe.,0
article_0281,Ông Netanyahu cầu nguyện cho ông Trump ở Bức tường Than khóc,"Thủ tướng Israel cầu Thượng Đế ban phước, bảo vệ Tổng thống Mỹ tại Bức tường Than khóc, địa điểm linh thiêng với người Do Thái.",VnExpress,Quốc tế,0,1,0.6002867330179685,0.6002867330179685,FP,96,OTHER,Tiêu đề chính trị/quốc tế khá trực tiếp và không dùng câu hỏi hay che giấu thông tin.,0
article_2004,Ôn Triệu Luân hạnh phúc bên người vợ thứ ba,"Ôn Triệu Luân, tài tử Hong Kong đóng ""Nghĩa bất dung tình"", biết ơn vợ cùng anh vượt khó khăn.",VnExpress,Other,0,1,0.5992620329183146,0.5992620329183146,FP,97,FP_entertainment_style_bias,Tin đời tư nghệ sĩ Hong Kong có style giải trí nhưng không thiếu thông tin chính.,0
article_1548,"'Các đứa con' của bầu Đức khóc, tặng quà cho nhân viên CLB HAGL","Một khoảnh khắc rất đẹp, và có lẽ chỉ có thể thấy ở CLB HAGL",SaoStar,Thể thao,0,1,0.5987525378679641,0.5987525378679641,FP,98,FP_source_style_bias,"Tiêu đề thể thao có cảm xúc và ngoặc kép, phản ánh style nguồn hơn là clickbait thực sự.",0
article_1542,Dancesport đang thay đổi diện mạo thể thao Việt như thế nào?,"Phong trào dancesport tại Việt Nam không chỉ phát triển ở các thành phố lớn mà đã lan toả đến nhiều tỉnh, thành trên cả nước.",SaoStar,Thể thao,0,1,0.5948493784364137,0.5948493784364137,FP,99,FP_question_but_legitimate,Câu hỏi phân tích sự phát triển dancesport là câu hỏi thông tin hợp lệ.,0
article_1051,"'Xuyên không' ở ngôi làng nhiều nhà trăm tuổi, cổ vật quý, cách TPHCM 110km - Báo VietnamNet","Làng cổ Đông Hòa Hiệp thuộc xã Đông Hòa Hiệp, huyện Cái Bè, tỉnh Tiền Giang, cách trung tâm TP Mỹ Tho 46km, cách TPHCM khoảng 110km về phía Tây - Nam. Đây là điểm đến hấp dẫn nhiều du khách bởi những ngôi nhà trăm tuổi, có kiến trúc độc đáo.",Báo Mới,Other,0,1,0.593461245145395,0.593461245145395,FP,100,FP_emotional_but_informative,Ẩn dụ 'xuyên không' tạo cảm giác lạ nhưng bài giới thiệu địa điểm du lịch rất cụ thể.,1
