id,protocol,run_name,model_name,y_true,y_pred,y_score
article_0002,random_split,test,tfidf_word_logreg,0,0,0.4357515738335454
article_0010,random_split,test,tfidf_word_logreg,0,0,0.40510580445304883
article_0017,random_split,test,tfidf_word_logreg,0,0,0.18484219615776604
article_0022,random_split,test,tfidf_word_logreg,0,0,0.16669018821600462
article_0025,random_split,test,tfidf_word_logreg,0,0,0.15686754479436477
article_0027,random_split,test,tfidf_word_logreg,0,0,0.357205510679513
article_0028,random_split,test,tfidf_word_logreg,0,0,0.4394964728626035
article_0040,random_split,test,tfidf_word_logreg,0,0,0.17429487852840728
article_0041,random_split,test,tfidf_word_logreg,0,0,0.3760126808034467
article_0052,random_split,test,tfidf_word_logreg,0,0,0.14760411611170046
article_0056,random_split,test,tfidf_word_logreg,0,0,0.34239072442162055
article_0059,random_split,test,tfidf_word_logreg,1,0,0.464622933461097
article_0076,random_split,test,tfidf_word_logreg,0,0,0.21396096726323932
article_0106,random_split,test,tfidf_word_logreg,0,0,0.35920986683190687
article_0108,random_split,test,tfidf_word_logreg,0,1,0.6371766981334684
article_0111,random_split,test,tfidf_word_logreg,0,0,0.17390633252058912
article_0117,random_split,test,tfidf_word_logreg,0,0,0.21290546612817676
article_0130,random_split,test,tfidf_word_logreg,0,0,0.25919670480140555
article_0133,random_split,test,tfidf_word_logreg,0,0,0.3119091220978045
article_0136,random_split,test,tfidf_word_logreg,0,1,0.5302322160739232
article_0139,random_split,test,tfidf_word_logreg,0,0,0.3652688696528945
article_0154,random_split,test,tfidf_word_logreg,1,1,0.5056777650049784
article_0156,random_split,test,tfidf_word_logreg,1,1,0.5752941911238432
article_0162,random_split,test,tfidf_word_logreg,1,1,0.7632673384623619
article_0166,random_split,test,tfidf_word_logreg,1,1,0.6584102526745748
article_0171,random_split,test,tfidf_word_logreg,1,1,0.7990639675162597
article_0179,random_split,test,tfidf_word_logreg,0,0,0.3166084055164921
article_0182,random_split,test,tfidf_word_logreg,0,0,0.30853855587658147
article_0195,random_split,test,tfidf_word_logreg,1,1,0.5735547424768059
article_0202,random_split,test,tfidf_word_logreg,0,0,0.28641802916507453
article_0205,random_split,test,tfidf_word_logreg,0,0,0.23159629074983354
article_0210,random_split,test,tfidf_word_logreg,0,1,0.5460649047426995
article_0211,random_split,test,tfidf_word_logreg,0,0,0.4683120201545349
article_0214,random_split,test,tfidf_word_logreg,1,1,0.5280123026045812
article_0225,random_split,test,tfidf_word_logreg,1,1,0.6225711055044051
article_0230,random_split,test,tfidf_word_logreg,0,0,0.24168001136960043
article_0235,random_split,test,tfidf_word_logreg,0,0,0.3929690932451946
article_0237,random_split,test,tfidf_word_logreg,1,0,0.29934265603386906
article_0242,random_split,test,tfidf_word_logreg,0,0,0.252974017461387
article_0251,random_split,test,tfidf_word_logreg,0,0,0.39834948850400226
article_0264,random_split,test,tfidf_word_logreg,0,0,0.13346116674808997
article_0272,random_split,test,tfidf_word_logreg,1,1,0.52153145762373
article_0274,random_split,test,tfidf_word_logreg,0,0,0.32250828510225504
article_0279,random_split,test,tfidf_word_logreg,0,0,0.46786838550364335
article_0281,random_split,test,tfidf_word_logreg,0,1,0.6002867330179685
article_0289,random_split,test,tfidf_word_logreg,0,0,0.24961814501800925
article_0292,random_split,test,tfidf_word_logreg,0,0,0.44807240024631484
article_0293,random_split,test,tfidf_word_logreg,0,0,0.25905540863211807
article_0294,random_split,test,tfidf_word_logreg,0,0,0.3045444782369353
article_0295,random_split,test,tfidf_word_logreg,0,0,0.37102300672499056
article_0299,random_split,test,tfidf_word_logreg,0,0,0.21343365045052726
article_0317,random_split,test,tfidf_word_logreg,0,0,0.11104230724483788
article_0325,random_split,test,tfidf_word_logreg,0,0,0.47629222858284087
article_0343,random_split,test,tfidf_word_logreg,0,1,0.5002746117866921
article_0346,random_split,test,tfidf_word_logreg,1,0,0.24930015533239347
article_0347,random_split,test,tfidf_word_logreg,0,0,0.4533253120975053
article_0349,random_split,test,tfidf_word_logreg,0,0,0.25445532554228356
article_0350,random_split,test,tfidf_word_logreg,0,0,0.12550472319241116
article_0357,random_split,test,tfidf_word_logreg,0,0,0.2572752579059205
article_0361,random_split,test,tfidf_word_logreg,0,0,0.31951020205655445
article_0368,random_split,test,tfidf_word_logreg,0,0,0.22870779623217086
article_0369,random_split,test,tfidf_word_logreg,0,0,0.2914318055605489
article_0374,random_split,test,tfidf_word_logreg,0,0,0.3218971547043398
article_0390,random_split,test,tfidf_word_logreg,0,0,0.21417727721847835
article_0403,random_split,test,tfidf_word_logreg,1,0,0.2769949559636879
article_0406,random_split,test,tfidf_word_logreg,0,0,0.4520213444550566
article_0414,random_split,test,tfidf_word_logreg,0,0,0.4455145739906499
article_0418,random_split,test,tfidf_word_logreg,0,0,0.43883986410092185
article_0426,random_split,test,tfidf_word_logreg,1,1,0.7878550617321831
article_0428,random_split,test,tfidf_word_logreg,1,0,0.3014895201005476
article_0441,random_split,test,tfidf_word_logreg,0,0,0.18804345078792248
article_0452,random_split,test,tfidf_word_logreg,0,0,0.262406213733298
article_0470,random_split,test,tfidf_word_logreg,0,0,0.40050489098025555
article_0477,random_split,test,tfidf_word_logreg,0,1,0.7335496293563313
article_0479,random_split,test,tfidf_word_logreg,0,0,0.4683233066377709
article_0485,random_split,test,tfidf_word_logreg,0,0,0.40405396551904177
article_0495,random_split,test,tfidf_word_logreg,0,0,0.4566065675184188
article_0509,random_split,test,tfidf_word_logreg,0,0,0.3641522311097035
article_0514,random_split,test,tfidf_word_logreg,1,1,0.5532285880896032
article_0527,random_split,test,tfidf_word_logreg,0,0,0.30953148648158973
article_0541,random_split,test,tfidf_word_logreg,0,1,0.5517134148880347
article_0542,random_split,test,tfidf_word_logreg,0,0,0.4602005177119949
article_0543,random_split,test,tfidf_word_logreg,0,0,0.4215743525302782
article_0560,random_split,test,tfidf_word_logreg,0,0,0.40410184281119177
article_0561,random_split,test,tfidf_word_logreg,0,0,0.3092925128865966
article_0565,random_split,test,tfidf_word_logreg,0,0,0.2508066391316721
article_0566,random_split,test,tfidf_word_logreg,0,0,0.38577250010261266
article_0568,random_split,test,tfidf_word_logreg,0,0,0.16427825026872855
article_0569,random_split,test,tfidf_word_logreg,0,1,0.6199492422078831
article_0572,random_split,test,tfidf_word_logreg,0,0,0.3657172510247469
article_0590,random_split,test,tfidf_word_logreg,0,0,0.21608468210254103
article_0603,random_split,test,tfidf_word_logreg,0,0,0.25418575435676805
article_0614,random_split,test,tfidf_word_logreg,0,0,0.47173307421034466
article_0616,random_split,test,tfidf_word_logreg,1,1,0.5046719919196792
article_0618,random_split,test,tfidf_word_logreg,0,0,0.4429083178497516
article_0628,random_split,test,tfidf_word_logreg,0,0,0.3422035845761261
article_0631,random_split,test,tfidf_word_logreg,0,0,0.37329333011828586
article_0636,random_split,test,tfidf_word_logreg,0,0,0.3736234992195682
article_0647,random_split,test,tfidf_word_logreg,0,0,0.39883774427383545
article_0653,random_split,test,tfidf_word_logreg,0,0,0.4396622229968359
article_0654,random_split,test,tfidf_word_logreg,0,0,0.3677325533787123
article_0656,random_split,test,tfidf_word_logreg,0,0,0.22966835975229394
article_0658,random_split,test,tfidf_word_logreg,0,1,0.5929035649871335
article_0660,random_split,test,tfidf_word_logreg,1,1,0.5754949685856892
article_0668,random_split,test,tfidf_word_logreg,0,0,0.2600024636070037
article_0671,random_split,test,tfidf_word_logreg,0,1,0.5241112555974655
article_0674,random_split,test,tfidf_word_logreg,0,1,0.5096492997182916
article_0689,random_split,test,tfidf_word_logreg,0,0,0.4876103023880106
article_0690,random_split,test,tfidf_word_logreg,0,0,0.2350516737830255
article_0695,random_split,test,tfidf_word_logreg,1,1,0.630311376989778
article_0696,random_split,test,tfidf_word_logreg,1,0,0.47038072588828334
article_0708,random_split,test,tfidf_word_logreg,1,1,0.8767358642212854
article_0710,random_split,test,tfidf_word_logreg,0,0,0.4526580130915196
article_0711,random_split,test,tfidf_word_logreg,1,1,0.532765888114559
article_0717,random_split,test,tfidf_word_logreg,1,1,0.7209675278312091
article_0718,random_split,test,tfidf_word_logreg,1,0,0.44021690746908115
article_0719,random_split,test,tfidf_word_logreg,1,1,0.690065532130513
article_0731,random_split,test,tfidf_word_logreg,0,0,0.33663062335921246
article_0732,random_split,test,tfidf_word_logreg,1,0,0.43139137447918124
article_0736,random_split,test,tfidf_word_logreg,0,0,0.48735085875491024
article_0742,random_split,test,tfidf_word_logreg,0,0,0.37834716527107254
article_0746,random_split,test,tfidf_word_logreg,0,0,0.18429715687431356
article_0757,random_split,test,tfidf_word_logreg,0,0,0.31903164434218495
article_0760,random_split,test,tfidf_word_logreg,0,0,0.13707916195270053
article_0766,random_split,test,tfidf_word_logreg,0,0,0.4086563203231884
article_0769,random_split,test,tfidf_word_logreg,0,0,0.1295899738737049
article_0782,random_split,test,tfidf_word_logreg,0,0,0.274944964947217
article_0785,random_split,test,tfidf_word_logreg,0,0,0.1507754118996195
article_0791,random_split,test,tfidf_word_logreg,0,0,0.3182292702684727
article_0795,random_split,test,tfidf_word_logreg,0,0,0.32959629891740183
article_0804,random_split,test,tfidf_word_logreg,0,0,0.25310235117371416
article_0807,random_split,test,tfidf_word_logreg,0,0,0.34624739703884655
article_0808,random_split,test,tfidf_word_logreg,0,0,0.23864886080599415
article_0815,random_split,test,tfidf_word_logreg,0,0,0.18557588526693508
article_0820,random_split,test,tfidf_word_logreg,0,0,0.19463516342126483
article_0827,random_split,test,tfidf_word_logreg,0,1,0.5789141021049492
article_0831,random_split,test,tfidf_word_logreg,0,0,0.3829456961419588
article_0836,random_split,test,tfidf_word_logreg,0,1,0.5548327057803895
article_0848,random_split,test,tfidf_word_logreg,1,1,0.5028741095931629
article_0852,random_split,test,tfidf_word_logreg,0,0,0.35607909489313333
article_0858,random_split,test,tfidf_word_logreg,0,1,0.6744958578200996
article_0860,random_split,test,tfidf_word_logreg,0,0,0.22399649377413458
article_0864,random_split,test,tfidf_word_logreg,0,1,0.6257711337346162
article_0875,random_split,test,tfidf_word_logreg,0,0,0.36716830155162283
article_0878,random_split,test,tfidf_word_logreg,0,0,0.28345272103927904
article_0880,random_split,test,tfidf_word_logreg,0,0,0.1899641642146362
article_0883,random_split,test,tfidf_word_logreg,1,1,0.5676570685836944
article_0888,random_split,test,tfidf_word_logreg,0,1,0.67132622597866
article_0890,random_split,test,tfidf_word_logreg,0,0,0.2399602353883597
article_0894,random_split,test,tfidf_word_logreg,1,1,0.6264352751193976
article_0895,random_split,test,tfidf_word_logreg,0,0,0.4884312938911697
article_0896,random_split,test,tfidf_word_logreg,0,0,0.42429773347644134
article_0898,random_split,test,tfidf_word_logreg,0,0,0.12975053077060192
article_0903,random_split,test,tfidf_word_logreg,0,0,0.27625388330900286
article_0905,random_split,test,tfidf_word_logreg,0,0,0.2506311141618654
article_0914,random_split,test,tfidf_word_logreg,0,0,0.2423957481988789
article_0915,random_split,test,tfidf_word_logreg,0,0,0.2390196759183531
article_0917,random_split,test,tfidf_word_logreg,0,0,0.330360455511161
article_0918,random_split,test,tfidf_word_logreg,0,0,0.4150701050821246
article_0922,random_split,test,tfidf_word_logreg,1,1,0.5624388750762032
article_0923,random_split,test,tfidf_word_logreg,0,0,0.4028343910464947
article_0935,random_split,test,tfidf_word_logreg,1,0,0.4691028882178493
article_0947,random_split,test,tfidf_word_logreg,1,1,0.5695535112249938
article_0952,random_split,test,tfidf_word_logreg,0,0,0.22769201442560488
article_0956,random_split,test,tfidf_word_logreg,0,0,0.3153667874994288
article_0958,random_split,test,tfidf_word_logreg,0,0,0.2147404153426649
article_0960,random_split,test,tfidf_word_logreg,1,0,0.3110642476490966
article_0964,random_split,test,tfidf_word_logreg,0,0,0.41406737119055176
article_0965,random_split,test,tfidf_word_logreg,0,1,0.5326138157887227
article_0973,random_split,test,tfidf_word_logreg,1,1,0.8416359263912653
article_0978,random_split,test,tfidf_word_logreg,1,1,0.762527866758387
article_0979,random_split,test,tfidf_word_logreg,0,0,0.36489013702238277
article_0981,random_split,test,tfidf_word_logreg,1,1,0.7507893510549781
article_0987,random_split,test,tfidf_word_logreg,1,1,0.5716264944507093
article_0989,random_split,test,tfidf_word_logreg,1,1,0.5273186163614288
article_0993,random_split,test,tfidf_word_logreg,1,1,0.7634742085155559
article_0996,random_split,test,tfidf_word_logreg,0,1,0.7051961730556603
article_0999,random_split,test,tfidf_word_logreg,1,1,0.702228153790387
article_1002,random_split,test,tfidf_word_logreg,1,1,0.5771793617100119
article_1005,random_split,test,tfidf_word_logreg,0,0,0.2555432459119442
article_1006,random_split,test,tfidf_word_logreg,1,0,0.3666057911673142
article_1011,random_split,test,tfidf_word_logreg,0,1,0.5280796738509475
article_1012,random_split,test,tfidf_word_logreg,1,1,0.5409019759617408
article_1013,random_split,test,tfidf_word_logreg,1,1,0.5723808890873057
article_1014,random_split,test,tfidf_word_logreg,0,0,0.2509167327940234
article_1018,random_split,test,tfidf_word_logreg,1,1,0.5220244010660745
article_1022,random_split,test,tfidf_word_logreg,1,0,0.2873167104876968
article_1028,random_split,test,tfidf_word_logreg,0,1,0.6589323031232853
article_1030,random_split,test,tfidf_word_logreg,1,1,0.5925995902833232
article_1033,random_split,test,tfidf_word_logreg,1,1,0.6229675487407946
article_1039,random_split,test,tfidf_word_logreg,0,1,0.5415527208788057
article_1040,random_split,test,tfidf_word_logreg,0,0,0.39915669571443346
article_1046,random_split,test,tfidf_word_logreg,1,1,0.8073746670582157
article_1047,random_split,test,tfidf_word_logreg,0,0,0.3190511985832679
article_1049,random_split,test,tfidf_word_logreg,0,0,0.3540968398623761
article_1051,random_split,test,tfidf_word_logreg,0,1,0.593461245145395
article_1056,random_split,test,tfidf_word_logreg,0,0,0.2862404529117007
article_1074,random_split,test,tfidf_word_logreg,1,0,0.2535976836040733
article_1076,random_split,test,tfidf_word_logreg,1,0,0.46603896962418206
article_1079,random_split,test,tfidf_word_logreg,0,0,0.46075498135876686
article_1094,random_split,test,tfidf_word_logreg,0,0,0.48801034121462367
article_1103,random_split,test,tfidf_word_logreg,0,1,0.5027845944015277
article_1117,random_split,test,tfidf_word_logreg,1,0,0.3504478866049075
article_1121,random_split,test,tfidf_word_logreg,0,0,0.17303497905837006
article_1123,random_split,test,tfidf_word_logreg,0,1,0.5082193922547877
article_1126,random_split,test,tfidf_word_logreg,0,0,0.4690096625293463
article_1128,random_split,test,tfidf_word_logreg,0,0,0.3861214170872199
article_1129,random_split,test,tfidf_word_logreg,0,0,0.22685653498256989
article_1134,random_split,test,tfidf_word_logreg,0,0,0.21330134302451934
article_1136,random_split,test,tfidf_word_logreg,0,0,0.2167305715887857
article_1140,random_split,test,tfidf_word_logreg,0,0,0.3988798977854391
article_1145,random_split,test,tfidf_word_logreg,0,0,0.1846509652456852
article_1150,random_split,test,tfidf_word_logreg,0,0,0.2339422751973136
article_1151,random_split,test,tfidf_word_logreg,0,0,0.27426390492155883
article_1152,random_split,test,tfidf_word_logreg,0,0,0.2761136906045632
article_1156,random_split,test,tfidf_word_logreg,0,0,0.2022753553281235
article_1158,random_split,test,tfidf_word_logreg,0,0,0.16850659525908446
article_1162,random_split,test,tfidf_word_logreg,0,0,0.22756793208429407
article_1164,random_split,test,tfidf_word_logreg,1,0,0.44221376419149716
article_1166,random_split,test,tfidf_word_logreg,0,0,0.19624859570245215
article_1175,random_split,test,tfidf_word_logreg,1,1,0.7074863727818119
article_1189,random_split,test,tfidf_word_logreg,1,1,0.6790792600560357
article_1190,random_split,test,tfidf_word_logreg,1,0,0.26513225246447303
article_1192,random_split,test,tfidf_word_logreg,0,1,0.5285215095693591
article_1202,random_split,test,tfidf_word_logreg,1,0,0.4594069235795189
article_1208,random_split,test,tfidf_word_logreg,0,1,0.5362038176506826
article_1217,random_split,test,tfidf_word_logreg,0,0,0.2991543632051999
article_1220,random_split,test,tfidf_word_logreg,0,0,0.45049437338890197
article_1225,random_split,test,tfidf_word_logreg,0,0,0.43165088577156097
article_1226,random_split,test,tfidf_word_logreg,1,0,0.4491805419187837
article_1228,random_split,test,tfidf_word_logreg,0,0,0.3141619074720439
article_1237,random_split,test,tfidf_word_logreg,1,0,0.45474033393205976
article_1250,random_split,test,tfidf_word_logreg,1,0,0.30359364937776334
article_1252,random_split,test,tfidf_word_logreg,1,1,0.6579660864612821
article_1253,random_split,test,tfidf_word_logreg,0,0,0.16770079579106495
article_1268,random_split,test,tfidf_word_logreg,1,0,0.45936288065517655
article_1271,random_split,test,tfidf_word_logreg,1,1,0.55840644230629
article_1273,random_split,test,tfidf_word_logreg,1,0,0.4927852019529462
article_1276,random_split,test,tfidf_word_logreg,0,1,0.5112857956887376
article_1279,random_split,test,tfidf_word_logreg,0,1,0.5275922015528659
article_1294,random_split,test,tfidf_word_logreg,1,1,0.6874019511862761
article_1295,random_split,test,tfidf_word_logreg,1,1,0.6300595407089401
article_1301,random_split,test,tfidf_word_logreg,1,1,0.5892619406735575
article_1308,random_split,test,tfidf_word_logreg,1,1,0.6842290545842536
article_1309,random_split,test,tfidf_word_logreg,1,1,0.7223900573693096
article_1316,random_split,test,tfidf_word_logreg,1,1,0.6131479871440649
article_1320,random_split,test,tfidf_word_logreg,1,1,0.5106638881397173
article_1321,random_split,test,tfidf_word_logreg,0,0,0.3416833430356789
article_1325,random_split,test,tfidf_word_logreg,0,0,0.21067363177019485
article_1328,random_split,test,tfidf_word_logreg,0,1,0.532119453881443
article_1334,random_split,test,tfidf_word_logreg,0,0,0.46992718996556715
article_1336,random_split,test,tfidf_word_logreg,1,1,0.5012697385769288
article_1343,random_split,test,tfidf_word_logreg,0,0,0.0880029302497888
article_1344,random_split,test,tfidf_word_logreg,0,1,0.5143828846713013
article_1345,random_split,test,tfidf_word_logreg,0,0,0.33431180163568136
article_1347,random_split,test,tfidf_word_logreg,0,0,0.31332072190061716
article_1350,random_split,test,tfidf_word_logreg,0,0,0.29717101576939053
article_1354,random_split,test,tfidf_word_logreg,1,1,0.6398274373640954
article_1364,random_split,test,tfidf_word_logreg,0,0,0.25044403455047803
article_1365,random_split,test,tfidf_word_logreg,0,0,0.2055659456784904
article_1386,random_split,test,tfidf_word_logreg,1,1,0.5827285995034248
article_1389,random_split,test,tfidf_word_logreg,0,0,0.3555073984301105
article_1400,random_split,test,tfidf_word_logreg,0,1,0.7740997316748603
article_1410,random_split,test,tfidf_word_logreg,1,1,0.5910594415041578
article_1419,random_split,test,tfidf_word_logreg,0,1,0.6224776986936461
article_1448,random_split,test,tfidf_word_logreg,1,1,0.5496781871359556
article_1449,random_split,test,tfidf_word_logreg,1,1,0.9431562773030233
article_1451,random_split,test,tfidf_word_logreg,1,1,0.6572326018801973
article_1453,random_split,test,tfidf_word_logreg,1,1,0.7326610904626807
article_1470,random_split,test,tfidf_word_logreg,0,1,0.746097301812163
article_1475,random_split,test,tfidf_word_logreg,1,1,0.8894608563090267
article_1476,random_split,test,tfidf_word_logreg,0,1,0.5309054769249766
article_1477,random_split,test,tfidf_word_logreg,0,1,0.5883297345012523
article_1478,random_split,test,tfidf_word_logreg,0,1,0.6462849229140235
article_1480,random_split,test,tfidf_word_logreg,0,1,0.874358251981257
article_1481,random_split,test,tfidf_word_logreg,0,0,0.37375204323557243
article_1491,random_split,test,tfidf_word_logreg,1,1,0.6580024559029937
article_1499,random_split,test,tfidf_word_logreg,0,1,0.8046873814161782
article_1500,random_split,test,tfidf_word_logreg,0,0,0.33477449746325666
article_1503,random_split,test,tfidf_word_logreg,0,0,0.4912083896462671
article_1508,random_split,test,tfidf_word_logreg,0,0,0.48543625357822606
article_1520,random_split,test,tfidf_word_logreg,0,0,0.3895081197021134
article_1521,random_split,test,tfidf_word_logreg,0,0,0.22275032223588584
article_1524,random_split,test,tfidf_word_logreg,0,0,0.35105352448245575
article_1525,random_split,test,tfidf_word_logreg,0,1,0.6987472095874606
article_1532,random_split,test,tfidf_word_logreg,0,0,0.43759540989685913
article_1534,random_split,test,tfidf_word_logreg,0,1,0.546059784747287
article_1542,random_split,test,tfidf_word_logreg,0,1,0.5948493784364137
article_1543,random_split,test,tfidf_word_logreg,1,1,0.6945754580334107
article_1547,random_split,test,tfidf_word_logreg,0,1,0.5688839949788187
article_1548,random_split,test,tfidf_word_logreg,0,1,0.5987525378679641
article_1556,random_split,test,tfidf_word_logreg,1,0,0.3726235640509753
article_1557,random_split,test,tfidf_word_logreg,0,1,0.6519482647557537
article_1558,random_split,test,tfidf_word_logreg,0,1,0.6958973220380272
article_1568,random_split,test,tfidf_word_logreg,0,0,0.3582564057460876
article_1569,random_split,test,tfidf_word_logreg,0,1,0.656746064128875
article_1579,random_split,test,tfidf_word_logreg,0,0,0.3541147798088976
article_1593,random_split,test,tfidf_word_logreg,0,0,0.44085959806905783
article_1594,random_split,test,tfidf_word_logreg,0,0,0.26175264146881977
article_1598,random_split,test,tfidf_word_logreg,1,1,0.7576062121156083
article_1604,random_split,test,tfidf_word_logreg,0,0,0.13189139161765231
article_1612,random_split,test,tfidf_word_logreg,0,0,0.281320103046888
article_1619,random_split,test,tfidf_word_logreg,1,0,0.4697607691569589
article_1625,random_split,test,tfidf_word_logreg,0,0,0.12888730528276207
article_1626,random_split,test,tfidf_word_logreg,0,0,0.188739010656485
article_1634,random_split,test,tfidf_word_logreg,1,0,0.4347141943699178
article_1636,random_split,test,tfidf_word_logreg,0,0,0.1282989379014216
article_1639,random_split,test,tfidf_word_logreg,0,0,0.2005721854540168
article_1640,random_split,test,tfidf_word_logreg,0,0,0.19198406095691864
article_1646,random_split,test,tfidf_word_logreg,0,0,0.23939046800035274
article_1647,random_split,test,tfidf_word_logreg,0,0,0.30622040610356305
article_1651,random_split,test,tfidf_word_logreg,0,0,0.27446269541895374
article_1652,random_split,test,tfidf_word_logreg,0,0,0.3105446463951385
article_1662,random_split,test,tfidf_word_logreg,0,0,0.11586299450459324
article_1665,random_split,test,tfidf_word_logreg,0,0,0.3769883934363647
article_1669,random_split,test,tfidf_word_logreg,0,0,0.16774637353463517
article_1679,random_split,test,tfidf_word_logreg,0,0,0.2845949482336215
article_1683,random_split,test,tfidf_word_logreg,1,0,0.4423002398426599
article_1686,random_split,test,tfidf_word_logreg,0,0,0.08682447807313849
article_1690,random_split,test,tfidf_word_logreg,0,0,0.20687953663718386
article_1694,random_split,test,tfidf_word_logreg,0,0,0.4942791175013608
article_1698,random_split,test,tfidf_word_logreg,0,1,0.5557125755964974
article_1704,random_split,test,tfidf_word_logreg,0,1,0.506628444222028
article_1707,random_split,test,tfidf_word_logreg,0,1,0.5692049415460761
article_1719,random_split,test,tfidf_word_logreg,0,1,0.6246180876895073
article_1725,random_split,test,tfidf_word_logreg,0,1,0.5229418591883916
article_1727,random_split,test,tfidf_word_logreg,0,0,0.33052026965169423
article_1729,random_split,test,tfidf_word_logreg,0,0,0.3805032917526393
article_1736,random_split,test,tfidf_word_logreg,0,1,0.5052923408870558
article_1737,random_split,test,tfidf_word_logreg,0,0,0.48258391297266723
article_1739,random_split,test,tfidf_word_logreg,0,1,0.6449655090934011
article_1741,random_split,test,tfidf_word_logreg,1,1,0.7172853230127674
article_1742,random_split,test,tfidf_word_logreg,0,0,0.2811099737177552
article_1743,random_split,test,tfidf_word_logreg,0,0,0.34765261902734407
article_1744,random_split,test,tfidf_word_logreg,0,0,0.44722582267615485
article_1747,random_split,test,tfidf_word_logreg,0,0,0.3798372378391618
article_1752,random_split,test,tfidf_word_logreg,0,0,0.45054220972040043
article_1756,random_split,test,tfidf_word_logreg,0,1,0.6152121812124496
article_1761,random_split,test,tfidf_word_logreg,1,1,0.6442248588049682
article_1763,random_split,test,tfidf_word_logreg,0,1,0.5341184037687977
article_1780,random_split,test,tfidf_word_logreg,0,0,0.267340228703609
article_1782,random_split,test,tfidf_word_logreg,1,1,0.7223234870518533
article_1786,random_split,test,tfidf_word_logreg,0,0,0.24575567615102706
article_1787,random_split,test,tfidf_word_logreg,0,0,0.13306701271290228
article_1799,random_split,test,tfidf_word_logreg,0,0,0.2921726991725454
article_1808,random_split,test,tfidf_word_logreg,1,1,0.7843610361263339
article_1814,random_split,test,tfidf_word_logreg,0,0,0.133305029359524
article_1826,random_split,test,tfidf_word_logreg,0,0,0.12450352685455536
article_1827,random_split,test,tfidf_word_logreg,0,0,0.3407146528647183
article_1852,random_split,test,tfidf_word_logreg,0,1,0.6385468161508202
article_1857,random_split,test,tfidf_word_logreg,0,1,0.6095271473541217
article_1859,random_split,test,tfidf_word_logreg,0,0,0.20275175174309595
article_1865,random_split,test,tfidf_word_logreg,1,0,0.3922458230615047
article_1879,random_split,test,tfidf_word_logreg,1,1,0.5600883209008656
article_1883,random_split,test,tfidf_word_logreg,1,1,0.7495801411011057
article_1887,random_split,test,tfidf_word_logreg,1,1,0.8166632793736027
article_1889,random_split,test,tfidf_word_logreg,1,1,0.5914391603211062
article_1898,random_split,test,tfidf_word_logreg,0,0,0.43078295051229576
article_1911,random_split,test,tfidf_word_logreg,0,0,0.3632893139941013
article_1917,random_split,test,tfidf_word_logreg,0,0,0.4758407692725707
article_1918,random_split,test,tfidf_word_logreg,1,1,0.5354250423848576
article_1923,random_split,test,tfidf_word_logreg,0,0,0.45400657361478824
article_1936,random_split,test,tfidf_word_logreg,1,1,0.5773458811982682
article_1941,random_split,test,tfidf_word_logreg,0,0,0.49031371699353693
article_1944,random_split,test,tfidf_word_logreg,0,0,0.24095254865125687
article_1954,random_split,test,tfidf_word_logreg,0,0,0.12210597990616602
article_1961,random_split,test,tfidf_word_logreg,0,1,0.6770421399936372
article_1973,random_split,test,tfidf_word_logreg,0,0,0.4421290001416002
article_1974,random_split,test,tfidf_word_logreg,0,0,0.4200844600177842
article_1975,random_split,test,tfidf_word_logreg,0,1,0.615053631963003
article_1977,random_split,test,tfidf_word_logreg,1,1,0.6372258378481593
article_1982,random_split,test,tfidf_word_logreg,0,1,0.5851592154589859
article_1993,random_split,test,tfidf_word_logreg,0,0,0.3137773929718655
article_1998,random_split,test,tfidf_word_logreg,1,1,0.7191653955997632
article_2001,random_split,test,tfidf_word_logreg,0,0,0.3858027104534872
article_2002,random_split,test,tfidf_word_logreg,0,1,0.570224181794571
article_2004,random_split,test,tfidf_word_logreg,0,1,0.5992620329183146
article_2007,random_split,test,tfidf_word_logreg,0,1,0.60712452168465
article_2012,random_split,test,tfidf_word_logreg,1,1,0.7291671884217951
article_2017,random_split,test,tfidf_word_logreg,0,1,0.567351648330252
article_2019,random_split,test,tfidf_word_logreg,0,0,0.42922124391326927
article_2023,random_split,test,tfidf_word_logreg,0,1,0.5488778736619802
article_2028,random_split,test,tfidf_word_logreg,1,1,0.5484815677235839
article_2030,random_split,test,tfidf_word_logreg,1,1,0.527376575128675
article_2031,random_split,test,tfidf_word_logreg,1,0,0.4194295908619559
article_2044,random_split,test,tfidf_word_logreg,0,0,0.3369195313360409
article_2048,random_split,test,tfidf_word_logreg,1,1,0.9290184917813183
article_2049,random_split,test,tfidf_word_logreg,0,0,0.32741056498948823
article_2078,random_split,test,tfidf_word_logreg,0,0,0.48418063505769193
article_2083,random_split,test,tfidf_word_logreg,0,0,0.29803488796222144
article_2094,random_split,test,tfidf_word_logreg,0,0,0.3523807612701507
article_2097,random_split,test,tfidf_word_logreg,1,1,0.8040225128907476
article_2107,random_split,test,tfidf_word_logreg,0,0,0.4368092575671083
article_2114,random_split,test,tfidf_word_logreg,1,1,0.8529967715216931
article_2116,random_split,test,tfidf_word_logreg,0,1,0.6620539372986206
article_2120,random_split,test,tfidf_word_logreg,0,1,0.5405038160043321
article_2124,random_split,test,tfidf_word_logreg,1,1,0.5177921946359781
article_2126,random_split,test,tfidf_word_logreg,0,0,0.1977512320414571
article_2127,random_split,test,tfidf_word_logreg,1,1,0.6395028515187099
article_2129,random_split,test,tfidf_word_logreg,1,1,0.584926607040991
article_2130,random_split,test,tfidf_word_logreg,1,1,0.7974445973193918
article_2131,random_split,test,tfidf_word_logreg,1,0,0.35558254604854367
article_2133,random_split,test,tfidf_word_logreg,0,1,0.5595045841908642
article_2146,random_split,test,tfidf_word_logreg,1,1,0.560914023823888
article_2153,random_split,test,tfidf_word_logreg,1,1,0.5161138436836624
article_2154,random_split,test,tfidf_word_logreg,0,0,0.392075514324659
article_2155,random_split,test,tfidf_word_logreg,1,1,0.6248559277971218
article_2169,random_split,test,tfidf_word_logreg,1,1,0.5792757941461738
article_2176,random_split,test,tfidf_word_logreg,1,1,0.6061267755914144
article_2178,random_split,test,tfidf_word_logreg,1,1,0.5854717441597246
article_2195,random_split,test,tfidf_word_logreg,1,1,0.5909069461120556
article_2207,random_split,test,tfidf_word_logreg,0,1,0.7309504167292198
article_2225,random_split,test,tfidf_word_logreg,0,1,0.5384019986525459
article_2235,random_split,test,tfidf_word_logreg,0,0,0.34013475553426814
article_2236,random_split,test,tfidf_word_logreg,0,0,0.455818938956619
article_2244,random_split,test,tfidf_word_logreg,0,0,0.43154934630271913
article_2245,random_split,test,tfidf_word_logreg,1,0,0.2588374832959768
article_2246,random_split,test,tfidf_word_logreg,0,0,0.3468409285270504
article_2265,random_split,test,tfidf_word_logreg,1,1,0.844407538494347
article_2276,random_split,test,tfidf_word_logreg,0,0,0.3958542573898404
article_2283,random_split,test,tfidf_word_logreg,0,0,0.3076475799228372
article_2284,random_split,test,tfidf_word_logreg,0,1,0.5391851365362755
article_2287,random_split,test,tfidf_word_logreg,0,0,0.41151601964780077
article_2291,random_split,test,tfidf_word_logreg,0,0,0.49643493370564823
article_2293,random_split,test,tfidf_word_logreg,0,0,0.17374520014977698
article_2299,random_split,test,tfidf_word_logreg,0,0,0.4923906375439461
article_2301,random_split,test,tfidf_word_logreg,1,1,0.5163044557570644
article_2310,random_split,test,tfidf_word_logreg,0,0,0.2456673297946365
article_2313,random_split,test,tfidf_word_logreg,1,1,0.585483067127164
article_2317,random_split,test,tfidf_word_logreg,0,1,0.5020770590463067
article_2327,random_split,test,tfidf_word_logreg,0,0,0.19785205998625593
article_2337,random_split,test,tfidf_word_logreg,1,1,0.773189188688318
article_2341,random_split,test,tfidf_word_logreg,0,1,0.5631524188820701
article_2342,random_split,test,tfidf_word_logreg,0,0,0.16462515840711886
article_2345,random_split,test,tfidf_word_logreg,0,0,0.3009237282519805
article_2349,random_split,test,tfidf_word_logreg,0,1,0.6841940633089321
article_2351,random_split,test,tfidf_word_logreg,0,1,0.5214175708788753
article_2359,random_split,test,tfidf_word_logreg,1,1,0.6606890989325289
article_2360,random_split,test,tfidf_word_logreg,0,1,0.5503819101220899
article_2367,random_split,test,tfidf_word_logreg,1,1,0.7552798205047094
article_2370,random_split,test,tfidf_word_logreg,0,1,0.6026103531378945
article_2373,random_split,test,tfidf_word_logreg,0,0,0.2782141825053776
article_2376,random_split,test,tfidf_word_logreg,0,0,0.3620131375798043
article_2383,random_split,test,tfidf_word_logreg,1,1,0.7657144970634143
article_2385,random_split,test,tfidf_word_logreg,0,0,0.3964042419656172
article_2392,random_split,test,tfidf_word_logreg,0,0,0.40265605066342214
article_2406,random_split,test,tfidf_word_logreg,0,0,0.2813111381872599
article_2422,random_split,test,tfidf_word_logreg,1,1,0.6515158552511313
article_2426,random_split,test,tfidf_word_logreg,0,0,0.4002184273204971
article_2431,random_split,test,tfidf_word_logreg,0,0,0.12162306763288001
article_2433,random_split,test,tfidf_word_logreg,0,0,0.21254126659279862
article_2439,random_split,test,tfidf_word_logreg,0,1,0.6190673636877798
article_2440,random_split,test,tfidf_word_logreg,0,0,0.3356408640964978
article_2441,random_split,test,tfidf_word_logreg,0,0,0.26018831444571716
article_2447,random_split,test,tfidf_word_logreg,0,0,0.3826977343696459
article_2465,random_split,test,tfidf_word_logreg,0,0,0.14367456924869695
article_2482,random_split,test,tfidf_word_logreg,0,0,0.3637682408048812
article_2484,random_split,test,tfidf_word_logreg,0,0,0.23198575674849226
article_2497,random_split,test,tfidf_word_logreg,0,0,0.24335954704483165
article_2506,random_split,test,tfidf_word_logreg,0,0,0.3281622290277363
article_2511,random_split,test,tfidf_word_logreg,0,0,0.2879422724778555
article_2518,random_split,test,tfidf_word_logreg,0,0,0.3268671353411468
article_2520,random_split,test,tfidf_word_logreg,0,0,0.3147665954875015
article_2525,random_split,test,tfidf_word_logreg,0,0,0.25063529953513186
article_2530,random_split,test,tfidf_word_logreg,0,0,0.18281286196181776
article_2535,random_split,test,tfidf_word_logreg,1,1,0.5364573849863866
article_2560,random_split,test,tfidf_word_logreg,0,0,0.2592279195564521
article_2564,random_split,test,tfidf_word_logreg,0,1,0.7653916222274338
article_2572,random_split,test,tfidf_word_logreg,0,1,0.7491358634796711
article_2573,random_split,test,tfidf_word_logreg,0,0,0.37076025701365883
article_2577,random_split,test,tfidf_word_logreg,1,1,0.572550072490649
article_2579,random_split,test,tfidf_word_logreg,1,0,0.4264803065097781
article_2580,random_split,test,tfidf_word_logreg,1,1,0.7300255497393041
article_2582,random_split,test,tfidf_word_logreg,0,0,0.4000724533603244
article_2585,random_split,test,tfidf_word_logreg,0,1,0.6109912832613924
article_2587,random_split,test,tfidf_word_logreg,0,0,0.44042268636576953
article_2596,random_split,test,tfidf_word_logreg,0,1,0.8253700620757337
article_2612,random_split,test,tfidf_word_logreg,1,1,0.5563997413448593
article_2613,random_split,test,tfidf_word_logreg,0,0,0.2959736347983319
article_2618,random_split,test,tfidf_word_logreg,0,0,0.2674090033955568
article_2632,random_split,test,tfidf_word_logreg,1,0,0.3667422521640463
article_2639,random_split,test,tfidf_word_logreg,0,0,0.23550082604109573
article_2641,random_split,test,tfidf_word_logreg,0,0,0.40764104915103283
article_2643,random_split,test,tfidf_word_logreg,0,0,0.4361766684635345
article_2644,random_split,test,tfidf_word_logreg,1,0,0.44479613696616005
article_2645,random_split,test,tfidf_word_logreg,1,0,0.45972232640802224
article_2659,random_split,test,tfidf_word_logreg,0,0,0.35739479979836825
article_2660,random_split,test,tfidf_word_logreg,0,0,0.34748142414242233
article_2662,random_split,test,tfidf_word_logreg,1,1,0.5426051705148566
article_2669,random_split,test,tfidf_word_logreg,0,0,0.29855291658499533
article_2673,random_split,test,tfidf_word_logreg,0,0,0.42295314911310533
article_2674,random_split,test,tfidf_word_logreg,1,1,0.7657770664996647
article_2675,random_split,test,tfidf_word_logreg,0,0,0.4409751702027144
article_2676,random_split,test,tfidf_word_logreg,0,0,0.447519629035312
article_2678,random_split,test,tfidf_word_logreg,0,0,0.30103353773198416
article_2687,random_split,test,tfidf_word_logreg,1,1,0.5749509306867784
article_2690,random_split,test,tfidf_word_logreg,0,0,0.27014991783375514
article_2693,random_split,test,tfidf_word_logreg,1,1,0.6378876903574299
article_2694,random_split,test,tfidf_word_logreg,0,1,0.5570058655823531
article_2697,random_split,test,tfidf_word_logreg,0,0,0.4362757878006499
article_2699,random_split,test,tfidf_word_logreg,0,0,0.17518196005750775
article_2701,random_split,test,tfidf_word_logreg,1,1,0.7753404762062306
article_2704,random_split,test,tfidf_word_logreg,1,1,0.7639829397031742
article_2707,random_split,test,tfidf_word_logreg,0,0,0.45529525680679844
article_2708,random_split,test,tfidf_word_logreg,0,0,0.4343102081958199
article_2710,random_split,test,tfidf_word_logreg,0,0,0.30643065126169305
article_2718,random_split,test,tfidf_word_logreg,0,0,0.3508574381939286
article_2724,random_split,test,tfidf_word_logreg,0,0,0.17379270661670243
article_2726,random_split,test,tfidf_word_logreg,0,0,0.2111617218304032
article_2727,random_split,test,tfidf_word_logreg,1,1,0.8035133575851496
article_2732,random_split,test,tfidf_word_logreg,1,0,0.4254536427224148
article_2741,random_split,test,tfidf_word_logreg,0,1,0.7754038197805136
article_2742,random_split,test,tfidf_word_logreg,0,0,0.3741183551302731
article_2756,random_split,test,tfidf_word_logreg,1,1,0.5614821499463944
article_2758,random_split,test,tfidf_word_logreg,1,1,0.6047759811318774
article_2773,random_split,test,tfidf_word_logreg,1,0,0.4420267368791965
article_2792,random_split,test,tfidf_word_logreg,1,1,0.536768622328771
article_2794,random_split,test,tfidf_word_logreg,1,1,0.5260438716332358
article_2796,random_split,test,tfidf_word_logreg,0,1,0.5179177236920952
article_2808,random_split,test,tfidf_word_logreg,0,0,0.27430493600928185
article_2809,random_split,test,tfidf_word_logreg,0,0,0.19855046623716516
article_2810,random_split,test,tfidf_word_logreg,0,0,0.25810324555598846
article_2820,random_split,test,tfidf_word_logreg,0,0,0.4169096128737565
article_2832,random_split,test,tfidf_word_logreg,0,0,0.24087784492677974
article_2833,random_split,test,tfidf_word_logreg,0,0,0.2942944271765679
article_2841,random_split,test,tfidf_word_logreg,0,0,0.26550964778307695
article_2842,random_split,test,tfidf_word_logreg,0,1,0.5561469224304694
article_2846,random_split,test,tfidf_word_logreg,1,0,0.31924384773968956
article_2849,random_split,test,tfidf_word_logreg,0,0,0.35625318055969996
article_2851,random_split,test,tfidf_word_logreg,0,0,0.20764695402047986
article_2863,random_split,test,tfidf_word_logreg,0,0,0.4771996503712741
article_2866,random_split,test,tfidf_word_logreg,0,0,0.3122956402295762
article_2869,random_split,test,tfidf_word_logreg,1,0,0.35394472287265644
article_2870,random_split,test,tfidf_word_logreg,1,0,0.41585704932886725
article_2872,random_split,test,tfidf_word_logreg,0,0,0.4575774734022086
article_2879,random_split,test,tfidf_word_logreg,0,0,0.38845899624528507
article_2883,random_split,test,tfidf_word_logreg,1,1,0.6127989218332177
article_2888,random_split,test,tfidf_word_logreg,1,0,0.4926299346027732
article_2893,random_split,test,tfidf_word_logreg,0,1,0.6909149882063746
article_2902,random_split,test,tfidf_word_logreg,1,0,0.4630478583598612
article_2912,random_split,test,tfidf_word_logreg,1,1,0.5829129485465174
article_2916,random_split,test,tfidf_word_logreg,0,1,0.5266451487848364
article_2930,random_split,test,tfidf_word_logreg,1,0,0.34317567757641293
article_2932,random_split,test,tfidf_word_logreg,0,0,0.3884000432362971
article_2937,random_split,test,tfidf_word_logreg,1,1,0.5248971837224914
article_2958,random_split,test,tfidf_word_logreg,0,0,0.4953604689327148
article_2960,random_split,test,tfidf_word_logreg,1,1,0.5654569552000993
article_2962,random_split,test,tfidf_word_logreg,1,0,0.474095086718453
article_2965,random_split,test,tfidf_word_logreg,1,1,0.7786471886082384
article_2981,random_split,test,tfidf_word_logreg,0,0,0.403659188454088
article_2983,random_split,test,tfidf_word_logreg,1,1,0.7422194071804589
article_3002,random_split,test,tfidf_word_logreg,1,1,0.5849729341933156
article_3023,random_split,test,tfidf_word_logreg,0,0,0.3850275686628966
article_3027,random_split,test,tfidf_word_logreg,0,1,0.5623612807164395
article_3040,random_split,test,tfidf_word_logreg,1,1,0.5455876041458352
article_3043,random_split,test,tfidf_word_logreg,0,0,0.47846992064950755
article_3049,random_split,test,tfidf_word_logreg,0,0,0.3351476320358476
article_3054,random_split,test,tfidf_word_logreg,0,0,0.31350464792684757
article_3060,random_split,test,tfidf_word_logreg,0,0,0.185768121377372
article_3063,random_split,test,tfidf_word_logreg,0,0,0.3185894396522425
article_3085,random_split,test,tfidf_word_logreg,0,0,0.4217519987181449
article_3092,random_split,test,tfidf_word_logreg,0,0,0.27959180639947334
article_3100,random_split,test,tfidf_word_logreg,0,0,0.4944629680604746
article_3108,random_split,test,tfidf_word_logreg,0,1,0.646640167969589
article_3114,random_split,test,tfidf_word_logreg,0,0,0.4440433824652508
article_3123,random_split,test,tfidf_word_logreg,1,1,0.5372821028322934
article_3127,random_split,test,tfidf_word_logreg,0,0,0.17308771860555155
article_3135,random_split,test,tfidf_word_logreg,0,0,0.28790377577087267
article_3139,random_split,test,tfidf_word_logreg,1,1,0.5118412551515634
article_3149,random_split,test,tfidf_word_logreg,1,1,0.689501628158433
article_3157,random_split,test,tfidf_word_logreg,1,1,0.8191024359100466
article_3162,random_split,test,tfidf_word_logreg,0,0,0.33416978396432306
article_3164,random_split,test,tfidf_word_logreg,1,0,0.38991788706261643
article_3178,random_split,test,tfidf_word_logreg,0,1,0.5632763976968665
article_3179,random_split,test,tfidf_word_logreg,1,1,0.5412079803551287
article_3193,random_split,test,tfidf_word_logreg,0,1,0.5013500230117639
article_3195,random_split,test,tfidf_word_logreg,0,1,0.6727567801356782
article_3197,random_split,test,tfidf_word_logreg,1,1,0.7670454788087935
article_3224,random_split,test,tfidf_word_logreg,1,1,0.7406665409208552
article_3229,random_split,test,tfidf_word_logreg,1,0,0.3849565537943987
article_3231,random_split,test,tfidf_word_logreg,1,0,0.47068390913504704
article_3235,random_split,test,tfidf_word_logreg,1,1,0.8170915375543241
article_3246,random_split,test,tfidf_word_logreg,0,0,0.12491991412841601
article_3250,random_split,test,tfidf_word_logreg,0,0,0.37259667546505093
article_3261,random_split,test,tfidf_word_logreg,1,1,0.6391000418621685
article_3269,random_split,test,tfidf_word_logreg,0,1,0.6174829854850884
article_3276,random_split,test,tfidf_word_logreg,0,1,0.756698005536809
article_3278,random_split,test,tfidf_word_logreg,0,1,0.5409350004847528
article_3282,random_split,test,tfidf_word_logreg,1,1,0.5224232682566363
article_3290,random_split,test,tfidf_word_logreg,0,0,0.47684078936837543
article_3292,random_split,test,tfidf_word_logreg,0,0,0.18870981158498262
article_3296,random_split,test,tfidf_word_logreg,0,0,0.47721603338880425
article_3308,random_split,test,tfidf_word_logreg,0,0,0.28968440160849757
article_3316,random_split,test,tfidf_word_logreg,0,1,0.5299733485169941
article_3317,random_split,test,tfidf_word_logreg,0,1,0.5626396780761967
article_3327,random_split,test,tfidf_word_logreg,1,1,0.7769810932194608
article_3328,random_split,test,tfidf_word_logreg,0,0,0.2430139971182237
article_3340,random_split,test,tfidf_word_logreg,1,0,0.27964033180188297
article_3341,random_split,test,tfidf_word_logreg,1,0,0.44317515425987436
article_3347,random_split,test,tfidf_word_logreg,1,0,0.4689358371588898
article_3366,random_split,test,tfidf_word_logreg,0,0,0.4823385205737139
article_3388,random_split,test,tfidf_word_logreg,0,0,0.3527476734088333
article_3391,random_split,test,tfidf_word_logreg,0,0,0.4711458241900464
article_3392,random_split,test,tfidf_word_logreg,1,1,0.502254436320969
article_3400,random_split,test,tfidf_word_logreg,1,1,0.5087656492973454
article_3402,random_split,test,tfidf_word_logreg,1,0,0.4812664217006061
article_3403,random_split,test,tfidf_word_logreg,0,0,0.44586044600022934
article_3408,random_split,test,tfidf_word_logreg,1,0,0.4154336720473255
article_3412,random_split,test,tfidf_word_logreg,1,1,0.7234472815285985
article_3417,random_split,test,tfidf_word_logreg,0,0,0.25389864483263597
article_3430,random_split,test,tfidf_word_logreg,0,0,0.48751846374624763
article_3437,random_split,test,tfidf_word_logreg,1,1,0.6448990891168129
article_3439,random_split,test,tfidf_word_logreg,0,0,0.28218753688868986
article_3441,random_split,test,tfidf_word_logreg,0,0,0.16485486963534893
article_3445,random_split,test,tfidf_word_logreg,1,1,0.7153549698344809
article_3446,random_split,test,tfidf_word_logreg,1,0,0.4023021965540009
article_3447,random_split,test,tfidf_word_logreg,1,1,0.638228316572169
article_3449,random_split,test,tfidf_word_logreg,0,0,0.3503886406737238
article_3456,random_split,test,tfidf_word_logreg,0,1,0.5679862622572902
article_3459,random_split,test,tfidf_word_logreg,1,1,0.7958340735396492
article_3467,random_split,test,tfidf_word_logreg,0,0,0.3485067796412238
article_3468,random_split,test,tfidf_word_logreg,0,1,0.6009023166301796
article_3471,random_split,test,tfidf_word_logreg,1,0,0.4321552269563864
article_3479,random_split,test,tfidf_word_logreg,1,1,0.5082877049059383
article_3480,random_split,test,tfidf_word_logreg,0,0,0.34589990340034804
article_3482,random_split,test,tfidf_word_logreg,0,0,0.27320946188892536
article_3486,random_split,test,tfidf_word_logreg,0,0,0.24112199451742167
article_3489,random_split,test,tfidf_word_logreg,0,0,0.3779939758607741
article_3496,random_split,test,tfidf_word_logreg,0,1,0.6341805529259023
article_3500,random_split,test,tfidf_word_logreg,0,0,0.422300507599427
article_3505,random_split,test,tfidf_word_logreg,0,0,0.4111896963352493
article_3522,random_split,test,tfidf_word_logreg,0,1,0.5302956230774286
article_3535,random_split,test,tfidf_word_logreg,0,1,0.718097265996406
article_3540,random_split,test,tfidf_word_logreg,0,0,0.36147982836334913
article_3558,random_split,test,tfidf_word_logreg,0,0,0.28030503023810177
article_3562,random_split,test,tfidf_word_logreg,0,0,0.14587507697433774
article_3567,random_split,test,tfidf_word_logreg,1,0,0.45962125233720685
article_3569,random_split,test,tfidf_word_logreg,0,0,0.4137332568797593
article_3572,random_split,test,tfidf_word_logreg,0,0,0.31382730460808145
article_3573,random_split,test,tfidf_word_logreg,0,1,0.5752042509510393
article_3593,random_split,test,tfidf_word_logreg,0,0,0.08981154763477016
article_3594,random_split,test,tfidf_word_logreg,0,0,0.26336464291486145
article_3600,random_split,test,tfidf_word_logreg,0,0,0.1497437901832477
article_3603,random_split,test,tfidf_word_logreg,0,0,0.22444515594801787
article_3611,random_split,test,tfidf_word_logreg,0,1,0.5144922752435073
article_3616,random_split,test,tfidf_word_logreg,0,0,0.40086400723521703
article_3617,random_split,test,tfidf_word_logreg,1,0,0.2620774783033665
article_3620,random_split,test,tfidf_word_logreg,0,0,0.25212356655610757
article_3622,random_split,test,tfidf_word_logreg,0,0,0.2354411764591157
article_3632,random_split,test,tfidf_word_logreg,0,0,0.11654974874023226
article_3633,random_split,test,tfidf_word_logreg,0,0,0.2964081433434386
article_3636,random_split,test,tfidf_word_logreg,0,0,0.2279860447037235
article_3639,random_split,test,tfidf_word_logreg,0,0,0.44785347332079717
article_3648,random_split,test,tfidf_word_logreg,1,0,0.32711103938552627
article_3650,random_split,test,tfidf_word_logreg,1,1,0.7748294404829766
article_3655,random_split,test,tfidf_word_logreg,0,0,0.2911888227370193
article_3656,random_split,test,tfidf_word_logreg,1,1,0.6175079617862225
article_3658,random_split,test,tfidf_word_logreg,1,0,0.4255181481786146
article_3662,random_split,test,tfidf_word_logreg,0,0,0.2172920172398707
article_3682,random_split,test,tfidf_word_logreg,1,0,0.4385577830081172
article_3683,random_split,test,tfidf_word_logreg,0,1,0.5084424288588417
article_3687,random_split,test,tfidf_word_logreg,0,0,0.28512998424199304
article_3688,random_split,test,tfidf_word_logreg,0,0,0.39392859450834317
article_3701,random_split,test,tfidf_word_logreg,1,1,0.5213854817510916
article_3710,random_split,test,tfidf_word_logreg,1,1,0.7744845411789129
article_3711,random_split,test,tfidf_word_logreg,1,1,0.688688353678095
article_3712,random_split,test,tfidf_word_logreg,1,1,0.7291653521890693
article_3718,random_split,test,tfidf_word_logreg,1,1,0.5437506453443769
article_3724,random_split,test,tfidf_word_logreg,0,1,0.5472819559672545
article_3726,random_split,test,tfidf_word_logreg,1,1,0.7761838264562553
article_3734,random_split,test,tfidf_word_logreg,1,1,0.7933599702594683
article_3735,random_split,test,tfidf_word_logreg,1,1,0.7564140221654104
article_3746,random_split,test,tfidf_word_logreg,0,1,0.6116675753420755
article_3747,random_split,test,tfidf_word_logreg,1,1,0.7814335089754216
article_3751,random_split,test,tfidf_word_logreg,1,0,0.408127280621249
article_3753,random_split,test,tfidf_word_logreg,1,1,0.5490487855819572
article_3764,random_split,test,tfidf_word_logreg,0,1,0.5694195738959
article_3771,random_split,test,tfidf_word_logreg,1,1,0.608933258120467
article_3777,random_split,test,tfidf_word_logreg,0,1,0.5123425518826958
article_3779,random_split,test,tfidf_word_logreg,1,1,0.518732240812944
article_3787,random_split,test,tfidf_word_logreg,0,0,0.10699932304048822
article_3795,random_split,test,tfidf_word_logreg,0,0,0.16990644721922213
article_3798,random_split,test,tfidf_word_logreg,0,0,0.16476750023481018
